PlayerName,Team,POS,ID,ADP,PA,mAVG,mRBI,mR,mSB,mHR,mwOBA,PTS,aPOS,Dollars
Mike Trout,Angels,OF,10155,1.1,635,$6.20 ,$4.40 ,$5.30 ,$4.30 ,$5.00 ,$10.70 ,$35.90 ,$10.90 ,$47.80 
Giancarlo Stanton,Yankees,OF,4949,8.8,585,$3.20 ,$6.10 ,$4.50 ,($1.30),$8.40 ,$8.90 ,$29.80 ,$10.90 ,$41.80 
Mookie Betts,Red Sox,OF,13611,8.4,639,$5.50 ,$2.80 ,$4.30 ,$4.60 ,$2.30 ,$4.80 ,$24.30 ,$10.90 ,$36.20 
Manny Machado,Orioles,3B,11493,18.3,644,$4.40 ,$4.20 ,$3.80 ,$0.40 ,$4.70 ,$4.80 ,$22.30 ,$12.20 ,$35.60 
Francisco Lindor,Indians,SS,12916,20.8,662,$4.90 ,$2.80 ,$4.00 ,$2.50 ,$2.10 ,$3.50 ,$19.80 ,$10.70 ,$31.50 
Josh Donaldson,Blue Jays,3B,5038,29.2,616,$1.70 ,$3.50 ,$3.80 ,($0.80),$4.20 ,$5.90 ,$18.30 ,$12.20 ,$31.50 
Jose Altuve,Astros,2B,5417,2.1,652,$7.10 ,$2.60 ,$3.60 ,$5.50 ,$0.60 ,$3.50 ,$22.80 ,$7.10 ,$30.90 
Carlos Correa,Astros,SS,14162,14.2,592,$3.90 ,$3.30 ,$2.90 ,$0.10 ,$2.50 ,$4.60 ,$17.30 ,$10.70 ,$29.10 
Jose Abreu,White Sox,1B,15676,41.5,616,$4.50 ,$3.50 ,$2.50 ,($1.50),$3.20 ,$3.80 ,$16.20 ,$11.80 ,$29.00 
J.D. Martinez,Red Sox,OF,6184,25.1,544,$3.00 ,$3.70 ,$2.50 ,($1.20),$3.70 ,$4.50 ,$16.20 ,$10.90 ,$28.10 
George Springer,Astros,OF,12856,30.7,610,$1.70 ,$2.30 ,$3.80 ,$1.00 ,$3.20 ,$4.20 ,$16.10 ,$10.90 ,$28.10 
Jose Ramirez,Indians,2B/3B,13510,19.1,642,$5.30 ,$3.00 ,$3.20 ,$3.40 ,$1.10 ,$3.30 ,$19.20 ,$7.10 ,$27.30 
Aaron Judge,Yankees,OF,15640,18.1,608,($1.00),$3.40 ,$3.60 ,$0.00 ,$4.70 ,$4.30 ,$15.00 ,$10.90 ,$27.00 
Andrew Benintendi,Red Sox,OF,17901,41.7,630,$3.50 ,$2.20 ,$3.10 ,$2.80 ,$0.70 ,$2.30 ,$14.60 ,$10.90 ,$26.50 
Edwin Encarnacion,Indians,1B/DH,2151,56.5,606,($1.20),$3.80 ,$3.00 ,($1.60),$4.30 ,$3.70 ,$12.00 ,$11.80 ,$24.90 
Alex Bregman,Astros,3B/SS,17678,32.3,626,$2.10 ,$2.40 ,$3.00 ,$1.90 ,$1.40 ,$2.00 ,$12.80 ,$10.70 ,$24.50 
Gary Sanchez,Yankees,C,11442,20.1,502,$0.90 ,$2.40 ,$1.50 ,($1.00),$3.10 ,$2.30 ,$9.20 ,$13.80 ,$24.00 
Miguel Cabrera,Tigers,1B,1744,94.8,538,$3.30 ,$2.10 ,$1.60 ,($1.70),$1.90 ,$3.50 ,$10.60 ,$11.80 ,$23.40 
Joey Gallo,Rangers,1B/3B,14128,115.5,575,($4.30),$3.30 ,$2.50 ,($0.10),$5.00 ,$2.60 ,$9.00 ,$12.20 ,$22.20 
Nelson Cruz,Mariners,DH,2434,55.9,597,$1.70 ,$3.90 ,$2.60 ,($1.60),$4.30 ,$3.80 ,$14.80 ,$6.10 ,$21.90 
Brian Dozier,Twins,2B,9810,37.7,653,($0.60),$2.50 ,$3.90 ,$2.20 ,$3.20 ,$2.20 ,$13.30 ,$7.10 ,$21.40 
Justin Upton,Angels,OF,5222,48,614,($1.90),$3.10 ,$2.40 ,$1.30 ,$3.30 ,$1.10 ,$9.30 ,$10.90 ,$21.20 
Adrian Beltre,Rangers,3B/DH,639,159.2,538,$3.40 ,$1.90 ,$1.30 ,($1.60),$0.90 ,$2.00 ,$7.90 ,$12.20 ,$21.10 
Xander Bogaerts,Red Sox,SS,12161,85.3,588,$3.80 ,$1.50 ,$1.90 ,$1.10 ,($0.30),$1.30 ,$9.30 ,$10.70 ,$21.00 
Rafael Devers,Red Sox,3B,17350,124,521,$3.00 ,$1.60 ,$1.10 ,($0.10),$0.80 ,$1.50 ,$7.80 ,$12.20 ,$21.00 
Elvis Andrus,Rangers,SS,8709,58.4,638,$2.70 ,$1.00 ,$2.20 ,$5.00 ,($0.90),($0.80),$9.30 ,$10.70 ,$21.00 
Nick Castellanos,Tigers,3B/OF,11737,102.1,593,$1.50 ,$2.30 ,$1.80 ,($0.70),$1.70 ,$1.20 ,$7.70 ,$12.20 ,$21.00 
Nomar Mazara,Rangers,OF,14553,156.3,625,$1.70 ,$2.60 ,$2.40 ,($1.10),$2.00 ,$1.30 ,$9.00 ,$10.90 ,$20.90 
Eddie Rosario,Twins,OF,12155,120.1,578,$2.00 ,$2.40 ,$1.50 ,$1.10 ,$1.50 ,$0.20 ,$8.60 ,$10.90 ,$20.60 
Khris Davis,Athletics,OF/DH,9112,69.8,599,($2.60),$3.60 ,$2.40 ,($1.20),$4.50 ,$1.60 ,$8.30 ,$10.90 ,$20.20 
Kyle Seager,Mariners,3B,9785,138,604,$0.00 ,$2.50 ,$2.00 ,($1.20),$2.30 ,$1.10 ,$6.70 ,$12.20 ,$19.90 
Adam Jones,Orioles,OF,6368,146.6,590,$1.60 ,$2.40 ,$1.80 ,($1.30),$2.40 ,$0.20 ,$7.20 ,$10.90 ,$19.10 
Justin Smoak,Blue Jays,1B,9054,151.3,594,($1.70),$2.80 ,$2.20 ,($1.60),$3.10 ,$1.50 ,$6.30 ,$11.80 ,$19.10 
Yulieski Gurriel,Astros,1B,19198,209.4,501,$3.90 ,$1.30 ,$0.70 ,($1.00),$0.20 ,$1.20 ,$6.30 ,$11.80 ,$19.10 
Byron Buxton,Twins,OF,14161,52.7,569,($0.70),$1.20 ,$1.70 ,$4.60 ,$0.90 ,($0.70),$7.00 ,$10.90 ,$19.00 
Miguel Sano,Twins,3B/DH,12164,105.8,473,($0.70),$1.90 ,$1.10 ,($1.70),$2.60 ,$2.50 ,$5.70 ,$12.20 ,$18.90 
Dee Gordon,Mariners,2B,8203,28.4,651,$2.90 ,($0.60),$2.10 ,$12.10 ,($2.60),($3.60),$10.40 ,$7.10 ,$18.50 
Avisail Garcia,White Sox,OF,5760,199.8,556,$2.70 ,$1.40 ,$1.00 ,($0.40),$0.80 ,$0.90 ,$6.50 ,$10.90 ,$18.40 
Willie Calhoun,Rangers,OF/DH,17838,257.2,518,$1.80 ,$1.70 ,$1.00 ,($1.00),$1.60 ,$1.10 ,$6.20 ,$10.90 ,$18.20 
Jonathan Schoop,Orioles,2B,11265,63.5,614,$2.10 ,$3.10 ,$2.20 ,($1.50),$3.00 ,$1.10 ,$10.00 ,$7.10 ,$18.10 
Robinson Cano,Mariners,2B,3269,83.5,631,$3.00 ,$2.90 ,$2.20 ,($1.60),$2.00 ,$1.20 ,$9.90 ,$7.10 ,$18.00 
Michael Brantley,Indians,OF,4106,244.6,459,$3.30 ,$0.30 ,$0.50 ,$0.80 ,($0.60),$1.60 ,$5.90 ,$10.90 ,$17.80 
Yonder Alonso,Indians,1B,2530,297.7,552,$1.10 ,$1.50 ,$1.40 ,($1.20),$0.90 ,$1.40 ,$5.00 ,$11.80 ,$17.80 
Shin-Soo Choo,Rangers,OF/DH,3174,259.9,588,($0.30),$0.90 ,$2.20 ,$0.80 ,$1.00 ,$1.20 ,$5.90 ,$10.90 ,$17.80 
Kevin Kiermaier,Rays,OF,11038,158.2,635,($0.90),$0.80 ,$2.10 ,$4.50 ,$0.60 ,($1.30),$5.90 ,$10.90 ,$17.80 
Jean Segura,Mariners,SS,5933,77.8,584,$1.90 ,$0.10 ,$1.60 ,$4.20 ,($0.80),($1.70),$5.40 ,$10.70 ,$17.10 
Gregory Bird,Yankees,1B,14131,151.8,483,($0.90),$1.50 ,$1.00 ,($1.40),$2.20 ,$1.90 ,$4.20 ,$11.80 ,$17.10 
Trey Mancini,Orioles,1B/OF,15149,153.6,577,$1.70 ,$1.80 ,$1.30 ,($1.40),$1.20 ,$0.30 ,$4.90 ,$10.90 ,$16.90 
Matt Olson,Athletics,1B,14344,125.4,575,($3.50),$2.50 ,$1.90 ,($1.40),$3.40 ,$1.00 ,$3.80 ,$11.80 ,$16.70 
Rougned Odor,Rangers,2B,12282,107.4,571,($0.70),$2.60 ,$1.60 ,$2.00 ,$2.80 ,($0.20),$8.10 ,$7.10 ,$16.20 
Jorge Polanco,Twins,SS,13152,204.5,555,$1.60 ,$0.70 ,$1.10 ,$1.80 ,($0.60),($0.30),$4.30 ,$10.70 ,$16.00 
Delino DeShields,Rangers,OF,11379,213.5,595,($1.70),($0.40),$1.70 ,$8.10 ,($1.40),($2.20),$4.00 ,$10.90 ,$15.90 
Josh Reddick,Astros,OF,3892,273.5,491,$1.80 ,$0.80 ,$0.60 ,($0.20),$0.10 ,$0.80 ,$3.90 ,$10.90 ,$15.80 
Brett Gardner,Yankees,OF,9927,180.7,569,($0.40),$0.00 ,$2.20 ,$2.50 ,($0.20),($0.10),$3.90 ,$10.90 ,$15.80 
Salvador Perez,Royals,C,7304,97.5,505,$0.10 ,$1.40 ,$0.20 ,($1.70),$1.50 ,($0.80),$0.80 ,$13.80 ,$15.60 
Marcus Semien,Athletics,SS,12533,230.6,593,($1.20),$1.00 ,$1.90 ,$1.60 ,$1.10 ,($0.50),$3.90 ,$10.70 ,$15.60 
Chris Davis,Orioles,1B,9272,246.9,533,($3.90),$2.00 ,$1.50 ,($1.50),$3.40 ,$1.10 ,$2.50 ,$11.80 ,$15.30 
Whit Merrifield,Royals,2B,11281,73,631,$1.70 ,$0.20 ,$1.80 ,$5.80 ,($0.90),($1.80),$6.90 ,$7.10 ,$15.00 
Jackie Bradley Jr.,Red Sox,OF,12984,284.2,537,($0.30),$1.10 ,$1.10 ,$0.10 ,$0.40 ,$0.50 ,$2.90 ,$10.90 ,$14.80 
Evan Gattis,Astros,C/DH,11003,146.9,417,($0.80),$0.70 ,($0.10),($1.50),$1.40 ,$0.20 ,($0.10),$13.80 ,$14.80 
Joe Mauer,Twins,1B,1857,397.9,523,$2.40 ,$0.00 ,$1.00 ,($1.40),($1.30),$0.90 ,$1.60 ,$11.80 ,$14.50 
Kole Calhoun,Angels,OF,11200,289.1,589,($0.50),$1.30 ,$1.70 ,($0.90),$0.80 ,$0.00 ,$2.40 ,$10.90 ,$14.30 
Didi Gregorius,Yankees,SS,6012,113.5,566,$1.00 ,$1.50 ,$1.10 ,($0.80),$0.80 ,($0.90),$2.60 ,$10.70 ,$14.30 
Max Kepler,Twins,OF,12144,281.3,486,$0.20 ,$0.70 ,$0.40 ,($0.20),$0.30 ,$0.50 ,$1.90 ,$10.90 ,$13.80 
Eduardo Nunez,Red Sox,2B/3B/OF,6848,130.1,313,$2.50 ,($1.50),($1.40),$2.10 ,($1.80),$0.10 ,$0.00 ,$12.20 ,$13.20 
Mitch Haniger,Mariners,OF,14274,212.7,541,($1.00),$0.80 ,$0.80 ,$0.10 ,$0.70 ,($0.40),$1.20 ,$10.90 ,$13.10 
Tim Beckham,Orioles,SS,7949,266.6,611,($1.20),$1.10 ,$1.80 ,$0.40 ,$1.00 ,($1.70),$1.40 ,$10.70 ,$13.10 
Bradley Zimmer,Indians,OF,16221,200.5,494,($2.20),$0.00 ,$0.30 ,$4.80 ,($0.40),($1.60),$0.80 ,$10.90 ,$12.70 
Andrelton Simmons,Angels,SS,10847,200.8,565,$1.10 ,$0.40 ,$0.70 ,$1.50 ,($1.00),($1.70),$0.90 ,$10.70 ,$12.70 
Matt Chapman,Athletics,3B,16505,284.7,562,($4.40),$1.70 ,$1.10 ,($0.10),$2.30 ,($1.20),($0.60),$12.20 ,$12.60 
Stephen Piscotty,Athletics,OF,13367,292,522,($0.50),$0.40 ,$0.60 ,($0.10),$0.00 ,$0.10 ,$0.50 ,$10.90 ,$12.50 
Aaron Hicks,Yankees,OF,5297,232.4,473,($1.10),$0.00 ,$0.30 ,$1.10 ,($0.10),$0.10 ,$0.40 ,$10.90 ,$12.30 
Randal Grichuk,Blue Jays,OF,10243,315.8,462,($2.20),$1.20 ,$0.30 ,($0.60),$2.00 ,($0.40),$0.30 ,$10.90 ,$12.20 
Kevin Pillar,Blue Jays,OF,12434,329.9,505,$0.90 ,$0.00 ,$0.30 ,$1.70 ,($1.10),($1.60),$0.10 ,$10.90 ,$12.10 
Tim Anderson,White Sox,SS,15172,198.3,588,$0.40 ,$0.40 ,$0.70 ,$2.60 ,($0.40),($3.40),$0.30 ,$10.70 ,$12.00 
Marwin Gonzalez,Astros,1B/2B/SS/OF,5497,114.9,468,$0.10 ,$0.30 ,$0.00 ,$0.00 ,($0.10),($0.60),($0.30),$10.90 ,$11.70 
Mitch Moreland,Red Sox,1B,3086,398.6,424,($0.40),$0.20 ,($0.20),($1.70),$0.20 ,$0.20 ,($1.70),$11.80 ,$11.10 
Mark Trumbo,Orioles,OF/DH,6876,251.6,411,($0.90),$0.50 ,($0.30),($1.80),$1.30 ,$0.10 ,($1.10),$10.90 ,$10.90 
Ian Kinsler,Angels,2B,6195,188.6,613,($0.90),$0.70 ,$2.30 ,$1.60 ,$0.70 ,($1.60),$2.70 ,$7.10 ,$10.80 
Cheslor Cuthbert,Royals,3B,10473,573.4,497,$0.00 ,($0.10),($0.10),($1.20),($0.40),($1.00),($2.90),$12.20 ,$10.30 
Jorge Soler,Royals,OF,14221,444.9,518,($2.20),$0.70 ,$0.30 ,($1.40),$1.00 ,($0.10),($1.70),$10.90 ,$10.20 
Mike Zunino,Mariners,C,13265,159.5,432,($3.70),$0.30 ,($0.30),($1.60),$1.50 ,($0.90),($4.70),$13.80 ,$10.20 
Zack Cozart,Angels,SS,2616,223.1,509,($0.70),$0.50 ,$0.50 ,($1.10),$0.00 ,($0.80),($1.60),$10.70 ,$10.10 
C.J. Cron,Rays,1B,12546,403.1,430,($0.90),$0.00 ,($0.70),($1.00),$0.40 ,($0.70),($2.80),$11.80 ,$10.00 
Jason Kipnis,Indians,2B,9776,262.8,543,($0.10),$0.40 ,$1.30 ,$1.00 ,($0.40),($0.40),$1.70 ,$7.10 ,$9.80 
Jeimer Candelario,Tigers,3B,13621,335.1,534,($1.40),$0.40 ,$0.40 ,($1.60),($0.20),($1.20),($3.60),$12.20 ,$9.70 
Yoan Moncada,White Sox,2B,17232,132.8,596,($3.30),$0.40 ,$1.60 ,$4.30 ,$0.40 ,($1.70),$1.60 ,$7.10 ,$9.70 
Nick Delmonico,White Sox,OF,13157,462.8,490,($1.70),$0.20 ,$0.10 ,($0.90),$0.40 ,($0.50),($2.30),$10.90 ,$9.60 
Troy Tulowitzki,Blue Jays,SS,3531,382.9,412,$0.00 ,($0.20),($0.50),($1.60),$0.10 ,$0.00 ,($2.20),$10.70 ,$9.50 
Dustin Pedroia,Red Sox,2B,8370,424.1,469,$2.80 ,($0.50),$0.50 ,($0.50),($1.60),$0.40 ,$1.20 ,$7.10 ,$9.30 
Welington Castillo,White Sox,C,3256,170.4,400,($1.30),($0.50),($1.10),($1.70),$0.10 ,($1.10),($5.60),$13.80 ,$9.30 
Ryon Healy,Mariners,1B/3B/DH,15447,199.3,441,($0.30),$0.00 ,($0.70),($1.70),$0.00 ,($1.60),($4.20),$12.20 ,$9.00 
Hanley Ramirez,Red Sox,DH,8001,336,415,$0.60 ,$0.60 ,$0.00 ,($1.10),$0.60 ,$1.10 ,$1.80 ,$6.10 ,$9.00 
Russell Martin,Blue Jays,C,4616,319.9,393,($2.70),($0.80),($0.80),($1.30),($0.20),($0.40),($6.10),$13.80 ,$8.70 
Lonnie Chisenhall,Indians,OF,7571,393.6,376,$0.40 ,($0.80),($1.00),($0.70),($0.90),($0.20),($3.30),$10.90 ,$8.70 
Jorge Bonifacio,Royals,OF,12174,402.7,524,($1.40),$0.30 ,$0.10 ,($1.10),$0.20 ,($1.40),($3.30),$10.90 ,$8.60 
Brian McCann,Astros,C,4810,215.3,356,($2.10),($0.80),($1.10),($1.60),$0.00 ,($0.70),($6.30),$13.80 ,$8.50 
Kendrys Morales,Blue Jays,DH,8610,303.6,484,($0.50),$1.40 ,$0.60 ,($1.90),$1.50 ,$0.30 ,$1.40 ,$6.10 ,$8.50 
Matt Joyce,Athletics,OF,3353,499.9,430,($2.10),($0.60),$0.00 ,($1.10),$0.00 ,$0.30 ,($3.50),$10.90 ,$8.50 
Curtis Granderson,Blue Jays,OF,4747,500.5,377,($1.80),($0.80),($0.50),($0.90),($0.10),$0.50 ,($3.60),$10.90 ,$8.30 
Wilson Ramos,Rays,C,1433,161.3,338,($0.60),($1.10),($1.70),($1.80),($0.40),($1.10),($6.70),$13.80 ,$8.10 
Robinson Chirinos,Rangers,C,3142,257.7,333,($2.10),($1.20),($1.40),($1.30),($0.40),($0.50),($6.90),$13.80 ,$7.90 
Matt Duffy,Rays,3B,13836,473.9,399,$0.50 ,($1.30),($1.40),$0.10 ,($1.90),($1.50),($5.50),$12.20 ,$7.70 
Christian Vazquez,Red Sox,C,9774,289.7,351,$0.20 ,($1.70),($1.60),($0.30),($2.40),($1.60),($7.30),$13.80 ,$7.60 
Denard Span,Rays,OF,8347,455.6,378,$0.30 ,($1.90),($0.90),$0.70 ,($1.70),($0.80),($4.40),$10.90 ,$7.50 
Mikie Mahtook,Tigers,OF,13130,335.1,433,($0.40),($0.60),($0.70),($0.40),($1.00),($1.30),($4.50),$10.90 ,$7.40 
Steve Pearce,Blue Jays,OF,9957,572.5,332,($0.60),($1.00),($1.30),($1.70),($0.40),$0.30 ,($4.80),$10.90 ,$7.20 
Luis Valbuena,Angels,1B/3B,4969,541.2,385,($2.80),($0.60),($0.80),($1.50),$0.10 ,($0.60),($6.30),$12.20 ,$6.90 
Jed Lowrie,Athletics,2B,4418,430.3,575,$0.50 ,$0.50 ,$1.10 ,($1.60),($1.00),($0.60),($1.20),$7.10 ,$6.90 
James McCann,Tigers,C,12859,301.8,410,($1.30),($1.00),($1.30),($1.40),($1.00),($2.00),($8.00),$13.80 ,$6.80 
Alex Gordon,Royals,OF,5209,528.1,518,($2.80),($0.20),($0.10),$0.00 ,($0.30),($1.70),($5.10),$10.90 ,$6.80 
Dustin Fowler,Athletics,OF,17098,381.1,372,($0.80),($1.30),($1.40),$1.80 ,($1.50),($2.00),($5.20),$10.90 ,$6.70 
Colby Rasmus,Orioles,OF,9893,659.3,298,($1.20),($1.20),($1.60),($1.30),($0.10),$0.20 ,($5.20),$10.90 ,$6.70 
Devon Travis,Blue Jays,2B,13862,409.5,406,$1.20 ,($0.90),($0.30),$0.10 ,($1.00),($0.40),($1.40),$7.10 ,$6.70 
Carlos Gomez,Rays,OF,4881,350.4,408,($2.40),($1.00),($1.00),$1.40 ,($0.70),($1.80),($5.50),$10.90 ,$6.40 
Mallex Smith,Rays,OF,13608,351,318,($0.80),($2.60),($2.10),$4.40 ,($2.80),($1.90),($5.70),$10.90 ,$6.20 
Miguel Andujar,Yankees,3B/DH,15878,441.2,274,$0.30 ,($1.90),($2.20),($1.00),($1.60),($0.60),($7.00),$12.20 ,$6.20 
Jason Castro,Twins,C,8722,378,358,($2.20),($1.40),($1.30),($1.30),($1.30),($1.30),($8.80),$13.80 ,$6.10 
Yangervis Solarte,Blue Jays,2B/3B/SS,5352,272,298,$0.70 ,($1.70),($1.80),($1.60),($1.50),$0.10 ,($5.80),$10.70 ,$5.90 
Jose Iglesias,Tigers,SS,10231,527.3,382,$1.10 ,($1.70),($1.40),$0.40 ,($2.50),($1.70),($5.90),$10.70 ,$5.90 
Albert Pujols,Angels,DH,1177,318.9,469,($0.80),$1.00 ,$0.10 ,($1.50),$1.10 ,($1.10),($1.30),$6.10 ,$5.80 
Derek Fisher,Astros,OF,16192,425.4,284,($1.20),($1.90),($1.90),$0.90 ,($1.30),($0.70),($6.20),$10.90 ,$5.80 
Jacoby Ellsbury,Yankees,OF,4727,439.9,274,($0.20),($2.50),($2.00),$1.00 ,($2.30),($0.90),($6.90),$10.90 ,$5.00 
Kennys Vargas,Twins,1B/DH,12101,614.8,288,($1.40),($1.60),($1.90),($1.90),($0.90),($0.20),($7.80),$11.80 ,$5.00 
Ben Gamel,Mariners,OF,12160,432.8,401,($0.40),($1.40),($1.20),($0.30),($1.90),($1.90),($7.00),$10.90 ,$4.90 
Chad Pinder,Athletics,SS/OF,15191,446.8,406,($1.50),($0.80),($1.10),($0.80),($0.80),($2.10),($7.10),$10.90 ,$4.80 
Eduardo Escobar,Twins,3B/DH,6153,435.5,263,($0.10),($2.10),($2.40),($1.40),($1.90),($0.60),($8.40),$12.20 ,$4.80 
Victor Martinez,Tigers,DH,393,546.3,420,$0.80 ,($0.30),($0.70),($1.90),($0.50),($0.30),($2.80),$6.10 ,$4.30 
Robbie Grossman,Twins,OF/DH,5254,639.8,283,($0.30),($2.30),($2.00),($1.20),($2.10),$0.10 ,($7.80),$10.90 ,$4.10 
Yan Gomes,Indians,C,9627,388.7,252,($1.70),($2.20),($2.50),($1.70),($1.50),($1.40),($11.00),$13.80 ,$3.80 
Matt Davidson,White Sox,3B/DH,7226,457.1,508,($5.80),$0.40 ,($0.10),($1.50),$1.30 ,($3.70),($9.40),$12.20 ,$3.80 
Leonys Martin,Tigers,OF,11846,484,292,($1.30),($2.40),($2.30),$1.80 ,($2.10),($2.00),($8.30),$10.90 ,$3.70 
Chance Sisco,Orioles,C,15694,342.6,199,($0.10),($3.20),($3.10),($1.60),($2.60),($0.70),($11.20),$13.80 ,$3.60 
Bruce Maxwell,Athletics,C,13866,451.5,286,($0.90),($2.50),($2.50),($1.60),($2.40),($1.40),($11.30),$13.80 ,$3.60 
Paulo Orlando,Royals,OF,8628,683.2,363,$0.10 ,($1.90),($1.90),$0.00 ,($2.30),($2.30),($8.40),$10.90 ,$3.50 
Dixon Machado,Tigers,2B/SS,11472,569.7,370,$0.00 ,($2.10),($1.60),$0.10 ,($2.70),($1.90),($8.30),$10.70 ,$3.50 
Martin Maldonado,Angels,C,6887,400.7,332,($2.90),($1.80),($1.80),($1.20),($1.40),($2.60),($11.70),$13.80 ,$3.20 
Raul Mondesi,Royals,2B/SS,13769,350.3,281,($1.60),($2.40),($2.50),$2.30 ,($2.10),($2.20),($8.60),$10.70 ,$3.10 
Roberto Perez,Indians,C,2900,577.3,222,($1.70),($2.80),($2.80),($1.40),($2.20),($0.90),($11.90),$13.80 ,$3.00 
Gleyber Torres,Yankees,SS,sa830372,277.1,266,($0.90),($2.50),($2.40),$0.40 ,($2.20),($1.20),($8.80),$10.70 ,$2.90 
Zack Granite,Twins,OF,15343,633,166,$0.80 ,($3.50),($3.40),$0.30 ,($3.10),($0.40),($9.40),$10.90 ,$2.60 
Alcides Escobar,Royals,SS,6310,532,454,($0.60),($1.50),($1.30),$0.70 ,($2.60),($4.10),($9.20),$10.70 ,$2.50 
Caleb Joseph,Orioles,C,7087,484.2,225,($1.30),($2.80),($3.00),($1.60),($2.10),($1.60),($12.40),$13.80 ,$2.50 
Josh Phegley,Athletics,C,9308,614,150,($0.60),($3.40),($3.70),($1.70),($2.50),($0.60),($12.40),$13.80 ,$2.40 
Jurickson Profar,Rangers,1B/2B/3B/SS/OF,10815,549.6,175,$0.10 ,($3.40),($3.30),($1.30),($2.80),($0.30),($11.10),$12.20 ,$2.10 
Leury Garcia,White Sox,OF,5913,507.5,224,($0.20),($3.00),($3.00),$0.20 ,($2.50),($1.30),($9.80),$10.90 ,$2.10 
Brandon Drury,Yankees,2B,11615,412.5,332,$0.20 ,($1.30),($1.60),($1.50),($1.30),($0.70),($6.10),$7.10 ,$2.00 
Aledmys Diaz,Blue Jays,SS,15937,476.7,190,$0.10 ,($2.90),($3.10),($1.30),($2.30),($0.30),($9.80),$10.70 ,$2.00 
Joey Rickard,Orioles,OF,13277,708.9,280,($0.60),($2.70),($2.30),($0.20),($2.60),($1.60),($10.00),$10.90 ,$1.90 
Danny Jansen,Blue Jays,C,sa738162,633,133,($0.20),($3.70),($3.80),($1.70),($3.00),($0.50),($13.00),$13.80 ,$1.90 
Brad Miller,Rays,2B,12775,457,364,($1.90),($1.20),($1.20),($0.60),($0.80),($0.50),($6.30),$7.10 ,$1.80 
Ronald Torreyes,Yankees,2B/3B/SS,11400,495.7,214,$0.30 ,($3.10),($3.10),($1.20),($3.00),($1.40),($11.60),$12.20 ,$1.60 
Tyler Wade,Yankees,2B/SS/OF/DH,15730,657.7,216,($0.90),($3.20),($3.00),$1.00 ,($2.90),($1.50),($10.30),$10.90 ,$1.60 
Jake Marisnick,Astros,OF,11339,525.7,217,($1.80),($2.70),($2.80),$0.50 ,($2.00),($1.60),($10.40),$10.90 ,$1.50 
Adam Engel,White Sox,OF,15082,670.7,466,($5.60),($1.30),($0.90),$3.80 ,($1.50),($5.10),($10.50),$10.90 ,$1.40 
Francisco Mejia,Indians,C/DH,16403,343.6,81,$0.10 ,($4.10),($4.30),($1.70),($3.10),($0.20),($13.40),$13.80 ,$1.40 
Guillermo Heredia,Mariners,OF,18721,672.3,219,$0.10 ,($3.10),($3.00),($1.00),($2.80),($0.80),($10.50),$10.90 ,$1.40 
Yandy Diaz,Indians,3B,16578,506.6,119,$0.70 ,($3.90),($3.90),($1.70),($3.20),$0.20 ,($11.90),$12.20 ,$1.40 
Austin Hays,Orioles,OF,19363,344.6,142,$0.40 ,($3.40),($3.60),($1.50),($2.50),($0.10),($10.60),$10.90 ,$1.30 
Jesus Sucre,Rays,C,5942,654.6,126,($0.30),($3.80),($4.00),($1.50),($3.00),($0.90),($13.70),$13.80 ,$1.20 
Mitch Garver,Twins,C/1B/OF/DH,15161,568,100,($0.40),($4.00),($4.10),($1.90),($3.00),($0.30),($13.70),$13.80 ,$1.20 
Shohei Ohtani,Angels,P,19755,72.6,249,$0.00 ,($2.00),($2.20),($1.20),($1.30),$0.50 ,($6.10),$6.10 ,$1.00 
Yolmer Sanchez,White Sox,2B/3B,11602,430.5,437,($1.40),($1.00),($1.10),$0.60 ,($1.50),($2.70),($7.10),$7.10 ,$1.00 
Adeiny Hechavarria,Rays,SS,10459,543.2,367,($0.50),($1.90),($2.00),($0.90),($2.50),($2.90),($10.70),$10.70 ,$1.00 
Hunter Dozier,Royals,OF,15117,570.3,399,($3.20),($1.40),($1.50),($0.80),($1.30),($2.80),($10.90),$10.90 ,$1.00 
Tyler White,Astros,P/1B/2B/OF,15564,676.9,164,($0.80),($3.20),($3.40),($1.60),($2.30),($0.50),($11.80),$11.80 ,$1.00 
Dawel Lugo,Tigers,3B/SS,sa659207,999,183,$0.10 ,($3.30),($3.50),($1.70),($2.80),($1.10),($12.20),$12.20 ,$1.00 
Sandy Leon,Red Sox,C,5273,544.2,165,($1.10),($3.50),($3.50),($1.70),($2.90),($1.20),($13.80),$13.80 ,$1.00 
Rene Rivera,Angels,C,3648,631.5,147,($1.10),($3.50),($3.80),($1.80),($2.60),($1.20),($13.90),$13.80 ,$0.90 
Omar Narvaez,White Sox,C,13338,652.5,129,($0.20),($4.00),($4.00),($1.90),($3.20),($0.60),($13.90),$13.80 ,$0.90 
Austin Romine,Yankees,C,5491,650.2,119,($0.60),($3.90),($4.00),($1.60),($3.00),($0.90),($13.90),$13.80 ,$0.90 
Brandon Guyer,Indians,OF,2636,722.8,169,($0.20),($3.40),($3.30),($1.50),($2.80),($0.20),($11.40),$10.90 ,$0.60 
John Hicks,Tigers,1B,12547,634.6,180,($0.50),($3.20),($3.50),($1.20),($2.60),($1.10),($12.20),$11.80 ,$0.60 
Willy Garcia,White Sox,OF,12956,999,247,($1.40),($2.70),($2.80),($1.20),($2.10),($1.40),($11.40),$10.90 ,$0.50 
Jake Bauers,Rays,1B,sa737848,500.5,153,($0.70),($3.60),($3.70),($1.00),($2.80),($0.60),($12.30),$11.80 ,$0.50 
Ezequiel Carrera,Blue Jays,OF,9048,648,186,($0.40),($3.40),($3.30),($0.60),($2.80),($0.90),($11.50),$10.90 ,$0.50 
Kevan Smith,White Sox,C,12284,599.2,84,($0.10),($4.20),($4.40),($2.00),($3.20),($0.50),($14.50),$13.80 ,$0.40 
Mike Ford,Mariners,1B,sa708447,682.8,153,($0.80),($3.40),($3.60),($1.90),($2.50),($0.30),($12.50),$11.80 ,$0.30 
Juan Centeno,Rangers,C,7168,999,101,($0.10),($4.10),($4.30),($1.90),($3.30),($0.80),($14.60),$13.80 ,$0.30 
Billy Burns,Royals,OF,12701,702,210,($0.40),($3.70),($3.20),$0.80 ,($3.40),($1.80),($11.70),$10.90 ,$0.20 
Mike Marjama,Mariners,C,12594,732.1,106,($0.80),($4.00),($4.20),($1.70),($3.10),($1.00),($14.70),$13.80 ,$0.10 
Clint Frazier,Yankees,OF,15983,481.9,118,($0.40),($3.60),($3.80),($1.40),($2.60),($0.20),($12.00),$10.90 ,($0.10)
Chris Young,Angels,OF/DH,3882,670.2,148,($0.70),($3.40),($3.60),($1.50),($2.50),($0.40),($12.10),$10.90 ,($0.20)
Giovanny Urshela,Indians,3B,10681,999,138,($0.20),($3.70),($3.80),($1.90),($3.00),($0.90),($13.40),$12.20 ,($0.20)
Christian Arroyo,Rays,3B,16434,518.7,122,$0.00 ,($3.90),($4.10),($1.70),($3.10),($0.70),($13.50),$12.20 ,($0.30)
Blake Swihart,Red Sox,C/DH,13176,531.1,44,($0.20),($4.60),($4.80),($1.90),($3.40),($0.30),($15.10),$13.80 ,($0.30)
Boog Powell,Athletics,OF,15103,581.1,128,$0.20 ,($3.90),($3.90),($1.10),($3.20),($0.40),($12.20),$10.90 ,($0.30)
Teoscar Hernandez,Blue Jays,OF,13066,332.6,120,($0.60),($3.70),($3.90),($0.90),($2.70),($0.40),($12.30),$10.90 ,($0.30)
Drew Butera,Royals,C,3411,687.7,71,($0.50),($4.40),($4.60),($1.90),($3.30),($0.60),($15.20),$13.80 ,($0.30)
Drew Robinson,Rangers,3B/OF,11761,669.8,99,($0.70),($4.00),($4.10),($1.40),($3.00),($0.40),($13.60),$12.20 ,($0.40)
Max Stassi,Astros,C/1B/DH,10059,684.5,64,($0.70),($4.40),($4.60),($1.90),($3.20),($0.50),($15.30),$13.80 ,($0.40)
Kyle Higashioka,Yankees,C/DH,5517,999,30,($0.20),($4.70),($4.90),($2.00),($3.40),($0.20),($15.30),$13.80 ,($0.50)
Brett Nicholas,Rangers,P/C,11192,682.6,29,($0.10),($4.70),($4.90),($2.00),($3.50),($0.20),($15.40),$13.80 ,($0.50)
Andrew Susac,Orioles,C,13132,655.1,47,($0.50),($4.50),($4.70),($2.00),($3.30),($0.40),($15.40),$13.80 ,($0.60)
Carlos Perez,Angels,C/DH,10642,693.4,29,($0.10),($4.70),($4.90),($2.00),($3.50),($0.20),($15.40),$13.80 ,($0.60)
Cam Gallagher,Royals,C,12981,999,30,($0.10),($4.70),($4.90),($2.00),($3.50),($0.20),($15.40),$13.80 ,($0.60)
Samir Duenez,Royals,1B,sa739574,999,145,($0.70),($3.70),($3.90),($1.20),($2.80),($1.10),($13.40),$11.80 ,($0.60)
Taylor Motter,Mariners,SS/OF,12399,611,135,($0.80),($3.70),($3.80),($0.50),($2.80),($0.80),($12.40),$10.70 ,($0.60)
Juan Graterol,Angels,C,5398,999,29,($0.10),($4.70),($4.90),($1.90),($3.50),($0.30),($15.60),$13.80 ,($0.70)
Eloy Jimenez,White Sox,OF,sa830373,415.3,91,$0.10 ,($4.00),($4.20),($1.70),($2.90),($0.10),($12.70),$10.90 ,($0.80)
Grayson Greiner,Tigers,C,sa828801,999,30,($0.20),($4.70),($4.90),($2.00),($3.50),($0.30),($15.60),$13.80 ,($0.80)
Dustin Garneau,Athletics,C,9433,725,29,($0.30),($4.70),($4.90),($2.00),($3.40),($0.20),($15.60),$13.80 ,($0.80)
A.J. Reed,Astros,1B/DH,16246,627.9,118,($1.00),($3.70),($3.90),($2.00),($2.50),($0.50),($13.60),$11.80 ,($0.80)
Victor Reyes,Tigers,OF,sa657236,683.3,143,$0.20 ,($3.80),($3.90),($0.90),($3.30),($1.00),($12.80),$10.90 ,($0.80)
Mike Gerber,Tigers,OF,sa550125,707.3,119,($0.30),($3.80),($4.00),($1.40),($2.90),($0.50),($12.80),$10.90 ,($0.80)
Isiah Kiner-Falefa,Rangers,C/2B,sa737855,999,13,$0.00 ,($4.90),($5.10),($2.00),($3.60),($0.10),($15.70),$13.80 ,($0.80)
Ryan Schimpf,Rays,3B,9953,658.2,166,($2.60),($3.20),($3.50),($1.90),($1.90),($1.00),($14.10),$12.20 ,($0.80)
Reese McGuire,Blue Jays,C,sa737505,999,12,($0.10),($4.90),($5.10),($2.00),($3.60),($0.10),($15.70),$13.80 ,($0.90)
Eric Haase,Indians,C,sa601042,999,12,($0.20),($4.90),($5.10),($2.00),($3.50),($0.10),($15.70),$13.80 ,($0.90)
Luke Maile,Blue Jays,C,13355,685.5,29,($0.30),($4.70),($4.90),($1.90),($3.50),($0.30),($15.70),$13.80 ,($0.90)
Austin Wynns,Orioles,C,sa707785,737,12,($0.10),($4.90),($5.10),($2.00),($3.60),($0.10),($15.80),$13.80 ,($0.90)
Melvin Upton Jr.,Indians,OF,5015,999,143,($1.20),($3.60),($3.70),($0.80),($2.70),($1.00),($12.90),$10.90 ,($0.90)
Abraham Almonte,Indians,OF,5486,999,108,($0.10),($3.90),($4.00),($1.40),($3.10),($0.30),($12.90),$10.90 ,($0.90)
David Freitas,Mariners,C,10619,999,12,($0.10),($4.90),($5.10),($2.00),($3.60),($0.10),($15.80),$13.80 ,($1.00)
Meibrys Viloria,Royals,C,sa830182,999,6,$0.00 ,($4.90),($5.20),($2.00),($3.60),($0.10),($15.80),$13.80 ,($1.00)
Jose Trevino,Rangers,C,sa827368,999,6,$0.00 ,($4.90),($5.20),($2.00),($3.60),($0.10),($15.80),$13.80 ,($1.00)
Alfredo Gonzalez,White Sox,C,sa505301,999,6,$0.00 ,($4.90),($5.20),($2.00),($3.60),($0.10),($15.90),$13.80 ,($1.00)
Anthony Santander,Orioles,OF,14551,687,85,($0.10),($4.00),($4.30),($1.70),($2.90),($0.10),($13.10),$10.90 ,($1.20)
Jefry Marte,Angels,1B,5107,999,72,($0.50),($4.20),($4.40),($1.80),($3.00),($0.30),($14.20),$11.80 ,($1.40)
Tyler Austin,Yankees,1B/OF/DH,11850,664.5,106,($0.70),($3.80),($4.00),($1.80),($2.70),($0.40),($13.50),$10.90 ,($1.60)
Renato Nunez,Athletics,3B/OF/DH,14503,705.3,66,($0.60),($4.30),($4.50),($2.00),($3.00),($0.40),($14.80),$12.20 ,($1.60)
Daniel Robertson,Rays,2B/SS,14145,691.6,180,($0.90),($3.50),($3.50),($1.60),($2.90),($0.90),($13.30),$10.70 ,($1.60)
Ehire Adrianza,Twins,SS,8418,670.9,84,$0.00 ,($4.20),($4.30),($1.20),($3.30),($0.30),($13.40),$10.70 ,($1.70)
Mark Canha,Athletics,OF,11445,999,93,($0.40),($4.00),($4.20),($1.80),($3.00),($0.30),($13.60),$10.90 ,($1.70)
Carlos Tocci,Rangers,OF,sa660101,999,134,$0.00 ,($3.90),($4.00),($1.50),($3.30),($1.00),($13.70),$10.90 ,($1.80)
Dan Vogelbach,Mariners,1B/DH,14130,654.4,62,($0.30),($4.40),($4.60),($2.00),($3.20),($0.20),($14.60),$11.80 ,($1.80)
JaCoby Jones,Tigers,OF,14818,656,139,($1.10),($3.70),($3.90),($1.00),($2.90),($1.20),($13.90),$10.90 ,($1.90)
Franklin Barreto,Athletics,2B/SS/DH,15519,456,103,($0.40),($4.00),($4.20),($1.20),($3.10),($0.80),($13.80),$10.70 ,($2.00)
J.D. Davis,Astros,3B,16219,645.1,25,($0.10),($4.70),($4.90),($2.00),($3.40),($0.10),($15.30),$12.20 ,($2.10)
Sam Travis,Red Sox,1B,16263,669.1,28,$0.00 ,($4.70),($4.90),($1.90),($3.50),$0.00 ,($15.00),$11.80 ,($2.20)
Vladimir Guerrero Jr.,Blue Jays,3B,sa920245,543.4,13,$0.00 ,($4.90),($5.10),($2.00),($3.50),$0.00 ,($15.50),$12.20 ,($2.20)
Chris Carter,Angels,1B,9911,999,33,($0.40),($4.60),($4.80),($2.00),($3.20),($0.10),($15.10),$11.80 ,($2.30)
Deven Marrero,Red Sox,3B,13325,663.6,44,($0.40),($4.60),($4.80),($1.70),($3.50),($0.50),($15.60),$12.20 ,($2.40)
Ronald Guzman,Rangers,1B,sa659670,641,26,$0.00 ,($4.70),($4.90),($2.00),($3.50),($0.10),($15.30),$11.80 ,($2.50)
Jake Smolinski,Athletics,OF/DH,5408,620.6,65,($0.20),($4.40),($4.50),($1.80),($3.30),($0.30),($14.50),$10.90 ,($2.50)
Ryan Cordell,White Sox,3B/OF,sa737938,999,7,($0.10),($4.90),($5.20),($2.00),($3.60),($0.10),($15.80),$12.20 ,($2.60)
Anthony Alford,Blue Jays,OF,14329,542.5,48,($0.20),($4.60),($4.70),($1.50),($3.40),($0.20),($14.70),$10.90 ,($2.70)
Rajai Davis,Indians,OF,3708,529.8,36,($0.20),($4.70),($4.80),($1.30),($3.50),($0.30),($14.80),$10.90 ,($2.80)
Alexi Amarista,Tigers,OF,9063,740,94,($0.50),($4.20),($4.40),($1.50),($3.30),($0.90),($14.80),$10.90 ,($2.80)
Rusney Castillo,Red Sox,OF,17016,626.8,33,$0.10 ,($4.60),($4.90),($1.80),($3.50),($0.10),($14.90),$10.90 ,($2.90)
Rowdy Tellez,Blue Jays,1B,sa738437,698.9,7,$0.00 ,($4.90),($5.10),($2.00),($3.60),$0.00 ,($15.80),$11.80 ,($2.90)
Casey Gillaspie,White Sox,1B,sa827177,701.6,7,($0.10),($4.90),($5.10),($2.00),($3.60),$0.00 ,($15.80),$11.80 ,($3.00)
Dalton Pompey,Blue Jays,OF,12797,999,33,($0.10),($4.70),($4.90),($1.70),($3.50),($0.10),($14.90),$10.90 ,($3.00)
Ryan Rua,Rangers,1B/OF,12409,703.1,52,($0.40),($4.50),($4.70),($1.80),($3.30),($0.30),($15.00),$10.90 ,($3.00)
Marco Hernandez,Red Sox,2B/3B/SS,13154,669.1,40,$0.10 ,($4.60),($4.80),($1.80),($3.50),($0.20),($14.80),$10.70 ,($3.10)
Ryan Goins,Royals,2B/SS,9807,669.1,98,($0.40),($4.20),($4.40),($1.80),($3.30),($0.80),($14.80),$10.70 ,($3.10)
Greg Allen,Indians,OF,16623,622.3,33,($0.10),($4.70),($4.90),($1.60),($3.50),($0.20),($15.10),$10.90 ,($3.20)
Justin Williams,Rays,OF,sa737559,696.7,26,$0.00 ,($4.70),($5.00),($2.00),($3.50),($0.10),($15.20),$10.90 ,($3.20)
Kyle Tucker,Astros,OF,sa874240,543.8,19,($0.10),($4.80),($5.00),($1.80),($3.50),($0.10),($15.30),$10.90 ,($3.40)
Charlie Tilson,White Sox,OF,12983,455.1,26,($0.10),($4.80),($5.00),($1.80),($3.50),($0.20),($15.40),$10.90 ,($3.50)
Bubba Starling,Royals,OF,sa597751,999,97,($1.00),($4.20),($4.40),($1.50),($3.20),($1.10),($15.40),$10.90 ,($3.50)
Tyler Naquin,Indians,OF,13359,688.3,13,$0.00 ,($4.90),($5.10),($2.00),($3.60),$0.00 ,($15.50),$10.90 ,($3.60)
Tony Kemp,Astros,OF/DH,14894,708,13,$0.00 ,($4.90),($5.10),($1.90),($3.60),($0.10),($15.50),$10.90 ,($3.60)
Jake Cave,Yankees,OF,sa597983,999,19,($0.10),($4.80),($5.00),($2.00),($3.50),($0.10),($15.50),$10.90 ,($3.60)
Terrance Gore,Royals,OF/DH,13658,999,20,($0.20),($4.90),($5.00),($1.60),($3.60),($0.20),($15.50),$10.90 ,($3.60)
Ramon Laureano,Athletics,OF,sa829185,999,13,($0.10),($4.90),($5.10),($1.90),($3.60),($0.10),($15.60),$10.90 ,($3.60)
Erick Aybar,Twins,SS,4082,652.8,26,$0.00 ,($4.80),($5.00),($1.90),($3.60),($0.20),($15.40),$10.70 ,($3.70)
Billy McKinney,Yankees,OF,sa737528,674.8,13,($0.10),($4.90),($5.10),($2.00),($3.50),($0.10),($15.60),$10.90 ,($3.70)
Willy Adames,Rays,SS,sa736655,490,32,($0.20),($4.70),($4.90),($1.90),($3.50),($0.20),($15.40),$10.70 ,($3.70)
Sergio Alcantara,Tigers,SS,sa739641,999,46,($0.20),($4.70),($4.80),($1.70),($3.50),($0.50),($15.40),$10.70 ,($3.70)
Jabari Blash,Angels,OF,11247,707.7,13,($0.20),($4.90),($5.10),($2.00),($3.50),($0.10),($15.70),$10.90 ,($3.80)
Dwight Smith,Blue Jays,OF,13473,999,7,$0.00 ,($4.90),($5.10),($2.00),($3.60),$0.00 ,($15.70),$10.90 ,($3.80)
Michael Hermosillo,Angels,OF,sa738413,999,7,$0.00 ,($4.90),($5.20),($2.00),($3.60),($0.10),($15.80),$10.90 ,($3.80)
Cam Perkins,Mariners,OF,13444,999,6,$0.00 ,($4.90),($5.10),($2.00),($3.60),$0.00 ,($15.80),$10.90 ,($3.80)
Daniel Palka,White Sox,1B/OF,sa549449,999,7,($0.10),($4.90),($5.10),($2.00),($3.60),$0.00 ,($15.80),$10.90 ,($3.80)
Zach Vincej,Mariners,2B/SS,13269,999,39,($0.20),($4.70),($4.90),($1.90),($3.60),($0.40),($15.70),$10.70 ,($3.90)
Tzu-Wei Lin,Red Sox,2B/3B/SS/DH,14678,653.7,9,$0.00 ,($4.90),($5.10),($2.00),($3.60),($0.10),($15.70),$10.70 ,($4.00)
Jorge Mateo,Athletics,SS,sa657910,575.6,7,$0.00 ,($4.90),($5.10),($1.90),($3.60),($0.10),($15.70),$10.70 ,($4.00)
Jose Rondon,White Sox,SS,14140,999,13,$0.00 ,($4.90),($5.10),($2.00),($3.60),($0.10),($15.70),$10.70 ,($4.00)
Richard Urena,Blue Jays,SS,16411,692,13,($0.10),($4.90),($5.10),($2.00),($3.60),($0.10),($15.80),$10.70 ,($4.10)
Engelb Vielma,Orioles,SS,sa657416,999,136,($1.10),($4.10),($4.10),($1.20),($3.50),($1.90),($15.80),$10.70 ,($4.10)
Tyler Smith,Rangers,2B/SS,12490,999,7,$0.00 ,($4.90),($5.20),($2.00),($3.60),($0.10),($15.80),$10.70 ,($4.10)
Tyler Saladino,White Sox,2B/3B,10807,698.2,213,($1.10),($3.30),($3.20),($0.20),($2.80),($1.70),($12.30),$7.10 ,($4.20)
Brandon Moss,Athletics,DH,4467,618.4,165,($1.40),($3.00),($3.40),($1.80),($1.80),($0.40),($11.90),$6.10 ,($4.70)
Joey Wendle,Rays,2B,13853,692.7,258,($1.30),($2.90),($2.90),($0.70),($2.60),($2.40),($12.90),$7.10 ,($4.80)
Ramon Torres,Royals,2B,14113,669,118,($0.10),($4.10),($4.20),($1.00),($3.30),($1.00),($13.70),$7.10 ,($5.60)
Andrew Romine,Mariners,1B/2B/3B/OF,1159,663.1,133,($0.70),($4.00),($4.00),($0.90),($3.20),($1.20),($13.90),$7.10 ,($5.80)
Alen Hanson,White Sox,2B/OF,12926,637.7,65,($0.30),($4.40),($4.60),($1.00),($3.30),($0.50),($14.10),$7.10 ,($6.00)
Kaleb Cowart,Angels,2B/3B,11494,645,89,($0.50),($4.20),($4.30),($1.30),($3.20),($0.60),($14.20),$7.10 ,($6.10)
Erik Gonzalez,Indians,2B,13369,665.3,66,($0.30),($4.40),($4.60),($1.60),($3.30),($0.60),($14.60),$7.10 ,($6.50)
Brock Holt,Red Sox,2B,9345,687.1,49,($0.10),($4.60),($4.70),($1.80),($3.50),($0.20),($14.90),$7.10 ,($6.80)
Darwin Barney,Rangers,2B/3B,2430,999,59,($0.20),($4.50),($4.60),($1.70),($3.40),($0.50),($14.90),$7.10 ,($6.80)
Thairo Estrada,Yankees,2B,sa739620,999,32,$0.00 ,($4.70),($4.90),($1.90),($3.50),($0.20),($15.30),$7.10 ,($7.20)
Niko Goodrum,Twins,2B/OF/DH,12092,999,21,($0.10),($4.80),($5.00),($1.90),($3.50),($0.20),($15.50),$7.10 ,($7.40)
Lourdes Gurriel,Blue Jays,2B,sa908697,695.5,13,($0.10),($4.90),($5.10),($2.00),($3.60),($0.10),($15.70),$7.10 ,($7.60)
Nick Solak,Rays,2B,sa874054,999,7,$0.00 ,($4.90),($5.20),($2.00),($3.60),$0.00 ,($15.80),$7.10 ,($7.70)
Nolan Fontana,Angels,2B/DH,13267,999,59,($0.70),($4.60),($4.70),($1.80),($3.50),($0.60),($15.80),$7.10 ,($7.70)
Gift Ngoepe,Blue Jays,2B,10340,999,32,($0.50),($4.70),($4.90),($1.90),($3.50),($0.40),($16.00),$7.10 ,($7.90)
Bryce Harper,Nationals,OF,11579,8.4,589,$4.80 ,$4.10 ,$3.90 ,$0.70 ,$5.00 ,$7.90 ,$26.30 ,$11.00 ,$38.30 
Paul Goldschmidt,Diamondbacks,1B,9218,4.9,644,$3.50 ,$4.00 ,$4.00 ,$2.60 ,$4.00 ,$6.40 ,$24.40 ,$11.00 ,$36.40 
Trea Turner,Nationals,SS,16252,4.8,628,$5.00 ,$1.20 ,$3.80 ,$12.20 ,$0.60 ,$1.60 ,$24.40 ,$10.80 ,$36.10 
Nolan Arenado,Rockies,3B,9777,5.2,643,$4.70 ,$5.40 ,$4.10 ,($1.00),$5.80 ,$5.80 ,$24.80 ,$10.10 ,$35.90 
Anthony Rizzo,Cubs,1B,3473,25.2,633,$2.50 ,$4.30 ,$4.00 ,$0.20 ,$4.60 ,$6.30 ,$21.90 ,$11.00 ,$33.90 
Charlie Blackmon,Rockies,OF,7859,8.1,661,$4.80 ,$2.40 ,$4.40 ,$3.10 ,$2.90 ,$3.70 ,$21.20 ,$11.00 ,$33.20 
Kris Bryant,Cubs,3B,15429,15.2,644,$2.90 ,$3.80 ,$4.30 ,$0.30 ,$4.40 ,$6.20 ,$22.00 ,$10.10 ,$33.10 
Joey Votto,Reds,1B,4314,18.8,640,$4.20 ,$3.20 ,$3.70 ,($0.70),$3.30 ,$7.10 ,$20.90 ,$11.00 ,$32.80 
Freddie Freeman,Braves,1B,5361,21.9,601,$3.50 ,$3.50 ,$3.10 ,$0.10 ,$3.70 ,$5.50 ,$19.40 ,$11.00 ,$31.40 
Christian Yelich,Brewers,OF,11477,59.5,646,$4.70 ,$2.40 ,$3.60 ,$1.30 ,$2.10 ,$4.30 ,$18.50 ,$11.00 ,$30.50 
Marcell Ozuna,Cardinals,OF,10324,47.7,605,$4.30 ,$4.00 ,$2.70 ,($1.30),$3.80 ,$3.80 ,$17.30 ,$11.00 ,$29.30 
Rhys Hoskins,Phillies,1B/OF,16472,49.9,594,($0.40),$4.00 ,$2.80 ,($0.70),$5.30 ,$4.00 ,$15.00 ,$11.00 ,$27.00 
Starling Marte,Pirates,OF,9241,51,601,$3.20 ,$1.20 ,$2.30 ,$6.70 ,$0.40 ,$0.40 ,$14.20 ,$11.00 ,$26.10 
Corey Seager,Dodgers,SS,13624,38.7,610,$3.40 ,$2.30 ,$3.20 ,($0.80),$2.40 ,$2.90 ,$13.40 ,$10.80 ,$25.20 
Andrew McCutchen,Giants,OF,9847,87,637,$1.00 ,$2.50 ,$3.30 ,$0.70 ,$2.60 ,$2.90 ,$12.90 ,$11.00 ,$24.90 
Cody Bellinger,Dodgers,1B/OF,15998,24.3,587,($2.00),$4.00 ,$2.60 ,$0.80 ,$5.10 ,$2.10 ,$12.70 ,$11.00 ,$24.60 
A.J. Pollock,Diamondbacks,OF,9256,63.7,558,$2.20 ,$0.90 ,$2.60 ,$4.40 ,$0.90 ,$1.60 ,$12.60 ,$11.00 ,$24.60 
DJ LeMahieu,Rockies,2B,9874,131.1,651,$7.00 ,$0.90 ,$3.10 ,$0.80 ,($1.10),$1.80 ,$12.60 ,$10.80 ,$24.30 
Yasiel Puig,Dodgers,OF,14225,111.2,521,$2.00 ,$2.40 ,$1.60 ,$0.80 ,$2.50 ,$2.90 ,$12.20 ,$11.00 ,$24.10 
Justin Turner,Dodgers,3B,5235,83.6,567,$3.50 ,$2.40 ,$2.30 ,($0.70),$1.80 ,$3.30 ,$12.50 ,$10.10 ,$23.60 
Eric Hosmer,Padres,1B,3516,73,624,$2.70 ,$2.90 ,$2.10 ,($0.70),$2.50 ,$2.10 ,$11.60 ,$11.00 ,$23.60 
Daniel Murphy,Nationals,2B,4316,69.4,517,$5.90 ,$1.80 ,$1.60 ,($1.20),$0.50 ,$2.60 ,$11.20 ,$10.80 ,$23.00 
Anthony Rendon,Nationals,3B,12861,57.7,580,$2.20 ,$2.30 ,$2.40 ,$0.00 ,$1.60 ,$3.10 ,$11.60 ,$10.10 ,$22.70 
Wil Myers,Padres,1B,10047,68.8,613,($2.20),$2.60 ,$2.20 ,$2.90 ,$3.20 ,$0.90 ,$9.60 ,$11.00 ,$21.60 
Yoenis Cespedes,Mets,OF,13110,94.8,559,$0.50 ,$2.90 ,$1.90 ,($1.20),$3.70 ,$1.60 ,$9.50 ,$11.00 ,$21.40 
Tommy Pham,Cardinals,OF,2967,58.8,572,$0.20 ,$1.20 ,$2.30 ,$3.20 ,$1.20 ,$1.20 ,$9.30 ,$11.00 ,$21.20 
Lorenzo Cain,Brewers,OF,9077,92.7,590,$2.50 ,$1.00 ,$2.30 ,$2.70 ,$0.40 ,$0.30 ,$9.20 ,$11.00 ,$21.20 
Buster Posey,Giants,C/1B,9166,58.5,528,$4.00 ,$1.40 ,$1.30 ,($0.90),$0.30 ,$1.90 ,$7.90 ,$12.20 ,$21.10 
Carlos Santana,Phillies,1B,2396,171,595,($1.50),$2.60 ,$2.50 ,($0.70),$3.10 ,$3.10 ,$9.20 ,$11.00 ,$21.10 
Domingo Santana,Brewers,OF,10348,82.1,575,($1.20),$2.40 ,$2.00 ,$0.70 ,$2.80 ,$1.80 ,$8.60 ,$11.00 ,$20.50 
Josh Bell,Pirates,1B,13145,183.6,609,$1.10 ,$2.60 ,$2.00 ,($0.60),$1.80 ,$1.50 ,$8.40 ,$11.00 ,$20.40 
Ian Desmond,Rockies,1B/OF,6885,112.9,494,$2.00 ,$1.40 ,$0.90 ,$1.70 ,$1.00 ,$0.80 ,$7.80 ,$11.00 ,$19.80 
Adam Eaton,Nationals,OF,11205,152.8,615,$2.70 ,$0.40 ,$2.80 ,$1.90 ,($0.70),$0.80 ,$7.80 ,$11.00 ,$19.80 
Ryan Braun,Brewers,OF,3410,113.2,455,$1.30 ,$1.40 ,$0.80 ,$0.90 ,$1.60 ,$1.60 ,$7.50 ,$11.00 ,$19.50 
Jake Lamb,Diamondbacks,3B,13329,119.8,596,($1.70),$2.90 ,$2.20 ,($0.40),$2.70 ,$1.40 ,$7.20 ,$10.10 ,$18.30 
Brandon Belt,Giants,1B,10264,303,570,($0.60),$2.00 ,$1.80 ,($0.80),$1.40 ,$2.30 ,$6.20 ,$11.00 ,$18.20 
Ender Inciarte,Braves,OF,4922,120.2,649,$3.00 ,$0.20 ,$2.30 ,$3.40 ,($1.10),($1.60),$6.20 ,$11.00 ,$18.20 
Willson Contreras,Cubs,C,11609,52.5,490,$0.60 ,$1.50 ,$0.90 ,($0.40),$1.20 ,$1.10 ,$4.90 ,$12.20 ,$18.10 
Odubel Herrera,Phillies,OF,11476,213.3,633,$1.30 ,$1.30 ,$2.20 ,$1.80 ,$0.30 ,($0.90),$6.00 ,$11.00 ,$17.90 
Evan Longoria,Giants,3B,9368,200.3,612,$0.50 ,$3.00 ,$2.00 ,($1.00),$2.20 ,$0.10 ,$6.80 ,$10.10 ,$17.90 
Matt Carpenter,Cardinals,1B,8090,179.6,572,($0.60),$1.10 ,$2.50 ,($1.10),$1.00 ,$2.50 ,$5.50 ,$11.00 ,$17.40 
Trevor Story,Rockies,SS,12564,118.9,561,($2.00),$2.50 ,$1.60 ,$0.70 ,$2.60 ,$0.30 ,$5.60 ,$10.80 ,$17.40 
Ozzie Albies,Braves,2B,16556,136.4,600,$1.00 ,$0.60 ,$1.80 ,$3.90 ,($0.50),($1.20),$5.50 ,$10.80 ,$17.30 
Eric Thames,Brewers,1B/OF,3711,190.1,495,($1.70),$1.60 ,$1.40 ,($0.20),$2.60 ,$1.50 ,$5.20 ,$11.00 ,$17.10 
Gregory Polanco,Pirates,OF,12907,157.6,552,$0.30 ,$1.50 ,$1.20 ,$1.60 ,$0.80 ,($0.30),$5.10 ,$11.00 ,$17.10 
Justin Bour,Marlins,1B,9744,198.7,520,($0.20),$2.00 ,$1.10 ,($1.60),$2.70 ,$1.10 ,$5.10 ,$11.00 ,$17.10 
David Peralta,Diamondbacks,OF,2136,257.1,525,$2.00 ,$0.90 ,$1.40 ,($0.10),$0.30 ,$0.60 ,$5.00 ,$11.00 ,$17.00 
Ryan Zimmerman,Nationals,1B,4220,132.5,477,$0.30 ,$1.90 ,$0.80 ,($1.50),$2.20 ,$1.10 ,$5.00 ,$11.00 ,$17.00 
Ronald Acuna,Braves,OF,sa877503,121.8,413,$1.50 ,$0.00 ,($0.50),$3.80 ,($0.20),$0.00 ,$4.50 ,$11.00 ,$16.40 
Ryan McMahon,Rockies,1B/2B/3B,15112,346.1,501,$2.30 ,$0.90 ,$0.60 ,$0.30 ,($0.10),$0.60 ,$4.60 ,$10.80 ,$16.40 
Kyle Schwarber,Cubs,OF,16478,177.9,487,($2.70),$1.80 ,$1.40 ,($1.10),$3.20 ,$1.50 ,$4.10 ,$11.00 ,$16.00 
Dexter Fowler,Cardinals,OF,4062,252.1,556,($0.90),$0.50 ,$2.00 ,$0.80 ,$0.30 ,$1.00 ,$3.70 ,$11.00 ,$15.60 
Javier Baez,Cubs,2B/SS,12979,101.5,509,($0.50),$1.70 ,$0.80 ,$0.80 ,$1.90 ,($0.90),$3.80 ,$10.80 ,$15.60 
Michael Conforto,Mets,OF,16376,187.2,454,($0.70),$0.70 ,$0.90 ,($1.20),$1.90 ,$1.70 ,$3.40 ,$11.00 ,$15.30 
Maikel Franco,Phillies,3B,12179,235.5,531,($0.30),$2.20 ,$1.00 ,($1.60),$2.60 ,$0.20 ,$4.10 ,$10.10 ,$15.20 
Ian Happ,Cubs,2B/OF,17919,137.9,506,($2.00),$1.60 ,$1.00 ,$0.70 ,$2.20 ,($0.20),$3.30 ,$10.80 ,$15.10 
Chris Taylor,Dodgers,2B/OF,13757,90.8,610,($0.50),$0.50 ,$2.20 ,$2.60 ,($0.20),($1.40),$3.10 ,$10.80 ,$14.90 
Travis Shaw,Brewers,3B,11982,94.5,577,($2.40),$2.50 ,$1.60 ,($0.50),$2.70 ,($0.40),$3.60 ,$10.10 ,$14.70 
Cesar Hernandez,Phillies,2B,10556,258.2,630,$1.10 ,($0.20),$2.20 ,$2.40 ,($1.60),($1.00),$2.90 ,$10.80 ,$14.70 
J.T. Realmuto,Marlins,C,11739,101.9,521,$1.00 ,$0.40 ,$0.70 ,$0.10 ,$0.00 ,($0.80),$1.40 ,$12.20 ,$14.60 
Eugenio Suarez,Reds,3B,12552,193.3,596,($2.10),$1.90 ,$1.80 ,($0.20),$2.00 ,$0.10 ,$3.50 ,$10.10 ,$14.60 
Paul DeJong,Cardinals,2B/SS,18015,148.1,525,($0.60),$2.10 ,$0.90 ,($1.20),$2.10 ,($0.70),$2.70 ,$10.80 ,$14.50 
Josh Harrison,Pirates,2B/3B,8202,265.6,561,$1.50 ,$0.40 ,$1.20 ,$1.50 ,($0.60),($1.30),$2.60 ,$10.80 ,$14.30 
Joe Panik,Giants,2B,11936,384.6,578,$2.10 ,$0.50 ,$1.60 ,($0.70),($0.80),($0.20),$2.50 ,$10.80 ,$14.30 
Manuel Margot,Padres,OF,14712,146,604,($1.00),$0.20 ,$1.60 ,$4.00 ,($0.10),($2.60),$2.20 ,$11.00 ,$14.20 
Ketel Marte,Diamondbacks,SS,13613,352.1,495,$2.80 ,$0.00 ,$0.20 ,$0.80 ,($1.60),($0.40),$1.80 ,$10.80 ,$13.60 
Billy Hamilton,Reds,OF,10199,61.7,537,($3.30),($0.90),$0.70 ,$11.20 ,($1.90),($4.50),$1.30 ,$11.00 ,$13.30 
Jose Peraza,Reds,2B/SS,13593,204.6,520,$1.70 ,($0.50),$0.20 ,$4.60 ,($1.80),($2.70),$1.50 ,$10.80 ,$13.30 
Jay Bruce,Mets,OF,9892,161.6,530,($3.50),$2.20 ,$1.10 ,($1.30),$2.80 ,($0.70),$0.50 ,$11.00 ,$12.50 
Scott Schebler,Reds,OF,12225,284.2,479,($2.30),$1.30 ,$0.30 ,($0.50),$1.90 ,($0.50),$0.30 ,$11.00 ,$12.30 
Steven Souza Jr.,Diamondbacks,OF,5667,185.5,420,($2.10),$0.30 ,$0.20 ,$0.40 ,$1.10 ,$0.40 ,$0.20 ,$11.00 ,$12.20 
Jason Heyward,Cubs,OF,4940,408.8,476,$0.20 ,$0.30 ,$0.10 ,$0.20 ,($0.50),($0.20),$0.10 ,$11.00 ,$12.10 
Jedd Gyorko,Cardinals,3B,10816,356.4,484,($1.60),$1.40 ,$0.50 ,($0.90),$1.80 ,($0.20),$0.90 ,$10.10 ,$12.10 
Joc Pederson,Dodgers,OF,11899,375.2,388,($2.00),$0.20 ,($0.20),($0.50),$1.20 ,$1.30 ,($0.10),$11.00 ,$11.90 
Orlando Arcia,Brewers,SS,13185,186.4,549,($0.60),$0.80 ,$0.40 ,$2.00 ,($0.10),($2.50),$0.10 ,$10.80 ,$11.80 
Hunter Pence,Giants,OF,8252,446.4,491,($0.10),$0.90 ,$0.20 ,($1.10),$0.40 ,($0.50),($0.20),$11.00 ,$11.70 
Aaron Altherr,Phillies,OF,11270,262,453,($1.80),$0.60 ,$0.20 ,$0.20 ,$0.80 ,($0.30),($0.30),$11.00 ,$11.70 
Yadier Molina,Cardinals,C,7007,148.3,450,$1.30 ,$0.10 ,($0.40),($0.50),($0.90),($1.10),($1.50),$12.20 ,$11.70 
Starlin Castro,Marlins,2B,4579,275.1,561,$0.70 ,$1.10 ,$0.60 ,($1.20),$0.30 ,($1.90),($0.40),$10.80 ,$11.40 
Kolten Wong,Cardinals,2B,12532,373.6,471,$0.40 ,$0.00 ,$0.00 ,$0.30 ,($0.80),($0.40),($0.60),$10.80 ,$11.20 
Ben Zobrist,Cubs,2B/OF,7435,455.7,493,($0.50),$0.40 ,$0.60 ,($0.90),($0.50),$0.10 ,($0.80),$10.80 ,$10.90 
Michael Taylor,Nationals,OF,11489,222.1,460,($2.50),$0.30 ,($0.10),$2.90 ,$0.40 ,($2.10),($1.10),$11.00 ,$10.90 
Brandon Crawford,Giants,SS,5343,333.9,574,($1.10),$1.30 ,$0.70 ,($0.50),$0.10 ,($1.50),($0.90),$10.80 ,$10.80 
Addison Russell,Cubs,SS,14106,259.1,484,($1.70),$1.00 ,$0.30 ,($0.80),$0.90 ,($0.60),($1.00),$10.80 ,$10.80 
Jesse Winker,Reds,OF,13590,320,416,$0.90 ,($0.80),$0.00 ,($0.80),($0.80),$0.40 ,($1.20),$11.00 ,$10.80 
Adam Frazier,Pirates,2B/OF,15223,398.6,435,$1.90 ,($1.50),$0.00 ,$1.30 ,($2.20),($0.80),($1.20),$11.00 ,$10.80 
Jonathan Villar,Brewers,2B,10071,182.2,378,($1.50),($1.40),($0.30),$4.60 ,($1.00),($1.30),($1.00),$10.80 ,$10.70 
Corey Dickerson,Pirates,OF/DH,10762,219.9,382,$0.20 ,($0.20),($0.40),($1.20),$0.40 ,($0.10),($1.30),$11.00 ,$10.70 
Todd Frazier,Mets,3B,785,287.6,557,($5.30),$1.90 ,$1.10 ,($0.20),$2.90 ,($1.00),($0.50),$10.10 ,$10.60 
Jose Martinez,Cardinals,1B/OF,7996,267.2,358,$1.60 ,($0.60),($1.00),($0.80),($1.00),$0.20 ,($1.60),$11.00 ,$10.30 
Asdrubal Cabrera,Mets,2B/3B/SS,4962,310,504,($0.80),$0.30 ,$0.70 ,($1.00),$0.30 ,($0.90),($1.40),$10.80 ,$10.30 
Wilmer Flores,Mets,1B/3B,5827,337,367,$0.50 ,$0.00 ,($0.70),($1.50),$0.60 ,$0.00 ,($1.10),$10.10 ,$10.00 
Albert Almora Jr.,Cubs,OF,14109,376.6,413,$1.30 ,($0.20),($0.60),($0.90),($0.80),($0.90),($2.00),$11.00 ,$9.90 
Scooter Gennett,Reds,2B,10339,205,492,($0.90),$0.80 ,$0.10 ,($0.80),$0.50 ,($1.60),($1.90),$10.80 ,$9.90 
Nick Markakis,Braves,OF,5930,438.5,567,$0.40 ,$0.60 ,$0.60 ,($1.50),($1.00),($1.40),($2.30),$11.00 ,$9.70 
Adam Duvall,Reds,OF,10950,172.7,506,($4.50),$1.80 ,$0.50 ,($0.80),$2.30 ,($2.00),($2.60),$11.00 ,$9.30 
Nick Williams,Phillies,OF,14330,279.3,413,($1.50),$0.10 ,($0.50),($0.70),$0.30 ,($1.40),($3.60),$11.00 ,$8.30 
Jose Pirela,Padres,OF,5485,387.4,408,($0.10),($0.50),($0.90),($0.10),($0.90),($1.20),($3.70),$11.00 ,$8.30 
Tyler Flowers,Braves,C,9134,299.2,340,($0.50),($0.90),($1.30),($1.70),($0.70),($0.30),($5.50),$12.20 ,$7.70 
Chris Owings,Diamondbacks,2B/SS/OF,10030,229.4,397,($0.40),($0.70),($0.80),$1.10 ,($1.30),($1.90),($4.00),$10.80 ,$7.70 
Jordy Mercer,Pirates,SS,6547,505.6,493,($0.40),$0.10 ,($0.30),($1.20),($0.70),($1.80),($4.40),$10.80 ,$7.40 
Gerardo Parra,Rockies,OF,8553,341.9,311,$1.10 ,($1.30),($1.40),($0.80),($1.60),($0.60),($4.60),$11.00 ,$7.40 
Amed Rosario,Mets,SS,15518,234.4,538,($1.20),($0.10),($0.20),$2.40 ,($1.40),($3.90),($4.40),$10.80 ,$7.40 
Austin Barnes,Dodgers,C/2B,12158,183.5,324,($0.60),($1.50),($1.50),($0.50),($1.60),($0.50),($6.20),$12.20 ,$7.00 
Cameron Maybin,Marlins,OF,5223,383.5,346,($1.40),($2.00),($1.20),$2.70 ,($1.90),($1.50),($5.30),$11.00 ,$6.60 
Dansby Swanson,Braves,SS,18314,382.8,501,($1.10),($0.20),($0.30),($0.40),($1.20),($2.00),($5.10),$10.80 ,$6.60 
Travis d'Arnaud,Mets,C,7739,289.6,331,($1.20),($1.00),($1.50),($1.70),($0.50),($0.90),($6.70),$12.20 ,$6.40 
Francisco Cervelli,Pirates,C,5275,439.3,358,($0.10),($1.60),($1.50),($1.20),($2.10),($0.60),($7.00),$12.20 ,$6.20 
Andrew Toles,Dodgers,OF,13414,504.7,242,$0.60 ,($2.10),($2.00),($0.30),($1.70),($0.30),($5.80),$11.00 ,$6.10 
Johan Camargo,Braves,3B/SS,14950,446.2,441,$0.60 ,($0.40),($1.00),($1.30),($1.50),($2.10),($5.70),$10.80 ,$6.10 
Yasmani Grandal,Dodgers,C,11368,228.7,278,($2.10),($1.30),($1.70),($1.60),($0.40),($0.10),($7.20),$12.20 ,$6.00 
Chris Iannetta,Rockies,C,8267,280.6,232,($0.70),($2.00),($2.00),($1.70),($1.20),$0.40 ,($7.20),$12.20 ,$6.00 
Lewis Brinson,Marlins,OF,14352,309.8,291,($0.70),($1.60),($1.80),$0.10 ,($1.30),($0.80),($6.00),$11.00 ,$5.90 
Raimel Tapia,Rockies,OF,14350,394.9,217,$1.60 ,($2.50),($2.40),$0.00 ,($2.60),($0.30),($6.20),$11.00 ,$5.80 
Colin Moran,Pirates,1B/3B/SS,16909,450.5,403,($0.70),($0.60),($1.00),($1.20),($0.90),($1.60),($6.00),$10.80 ,$5.80 
Hunter Renfroe,Padres,OF,15464,298.4,308,($1.30),($0.90),($1.50),($1.40),($0.10),($1.00),($6.20),$11.00 ,$5.70 
Austin Jackson,Giants,OF,9848,566.7,388,($0.40),($1.20),($1.10),($0.50),($1.90),($1.40),($6.50),$11.00 ,$5.50 
J.P. Crawford,Phillies,2B/3B/SS,15491,373.7,514,($3.70),($0.10),$0.00 ,($0.10),($0.60),($2.10),($6.70),$10.80 ,$5.10 
Alex Avila,Diamondbacks,C,7476,357.9,326,($2.70),($1.40),($1.30),($1.60),($1.00),($0.20),($8.20),$12.20 ,$5.00 
Martin Prado,Marlins,3B,3312,552.9,365,$0.70 ,($1.50),($1.00),($1.50),($1.70),($1.20),($6.20),$10.10 ,$4.90 
Derek Dietrich,Marlins,3B,10542,501.9,356,($1.20),($1.10),($1.20),($1.50),($0.90),($0.40),($6.30),$10.10 ,$4.90 
Austin Hedges,Padres,C,12976,267.9,415,($3.70),($0.20),($1.00),($1.00),$0.50 ,($3.00),($8.40),$12.20 ,$4.80 
Stephen Vogt,Brewers,C,5000,340.3,219,($0.50),($2.10),($2.30),($1.70),($1.40),($0.40),($8.40),$12.20 ,$4.80 
Tucker Barnhart,Reds,C,10200,328.6,368,($1.10),($1.30),($1.50),($1.30),($1.70),($1.80),($8.70),$12.20 ,$4.50 
Logan Forsythe,Dodgers,2B/3B,7185,431.8,372,($2.20),($1.10),($1.00),($1.00),($1.10),($1.20),($7.50),$10.80 ,$4.20 
Matt Wieters,Nationals,C,4298,328.8,315,($1.60),($1.30),($1.70),($1.60),($1.10),($1.60),($9.00),$12.20 ,$4.20 
Matt Adams,Nationals,1B,9393,474.9,184,$0.00 ,($2.20),($2.50),($1.70),($1.40),$0.00 ,($7.80),$11.00 ,$4.10 
Howie Kendrick,Nationals,OF,4229,509.9,191,$1.00 ,($2.70),($2.70),($0.80),($2.50),($0.10),($7.80),$11.00 ,$4.10 
Adrian Gonzalez,Mets,1B,1908,519.3,275,($0.80),($1.70),($1.90),($1.60),($1.20),($0.60),($7.90),$11.00 ,$4.10 
Jarrod Dyson,Diamondbacks,OF,4866,417,181,$0.10 ,($3.00),($2.70),$1.30 ,($2.80),($0.70),($7.90),$11.00 ,$4.10 
Chase Headley,Padres,1B/3B,4720,410.4,429,($2.00),($0.80),($0.90),($0.80),($1.10),($1.90),($7.40),$10.10 ,$3.70 
Kurt Suzuki,Braves,C,8259,358.3,227,($0.50),($2.20),($2.50),($1.80),($1.80),($0.80),($9.50),$12.20 ,$3.70 
Jose Reyes,Mets,2B/3B/SS,1736,322.9,271,($1.20),($2.40),($1.90),$0.60 ,($1.90),($1.40),($8.10),$10.80 ,$3.60 
Mike Tauchman,Rockies,OF,15274,999,196,$0.50 ,($2.80),($2.60),($0.20),($2.70),($0.60),($8.40),$11.00 ,$3.60 
David Dahl,Rockies,OF,13744,236.4,133,$0.50 ,($3.00),($3.00),($1.00),($2.30),$0.10 ,($8.80),$11.00 ,$3.20 
Devin Mesoraco,Reds,C,5666,496.2,220,($1.90),($2.20),($2.50),($1.50),($1.30),($0.60),($10.00),$12.20 ,$3.20 
Freddy Galvis,Padres,SS,6609,367,372,($1.80),($1.50),($1.30),$0.00 ,($1.50),($2.70),($8.70),$10.80 ,$3.00 
Pat Valaika,Rockies,SS,14885,564.4,203,($0.40),($2.40),($2.50),($1.00),($1.80),($0.80),($8.90),$10.80 ,$2.90 
Dominic Smith,Mets,1B,15653,417.6,255,($1.00),($1.90),($2.20),($1.70),($1.40),($1.10),($9.30),$11.00 ,$2.70 
Luke Voit,Cardinals,1B,14811,661.5,171,$0.00 ,($2.80),($2.80),($1.70),($2.10),($0.20),($9.60),$11.00 ,$2.40 
Enrique Hernandez,Dodgers,SS/OF,10472,531,275,($2.20),($1.90),($1.80),($1.20),($1.30),($1.20),($9.60),$11.00 ,$2.40 
Cory Spangenberg,Padres,3B/OF,12294,388.4,230,($0.50),($2.60),($2.50),($0.70),($2.20),($1.10),($9.60),$11.00 ,$2.40 
Manny Pina,Brewers,C,2829,360.3,213,($0.80),($2.50),($2.70),($1.60),($2.20),($1.20),($11.00),$12.20 ,$2.20 
Yasmany Tomas,Diamondbacks,OF,17171,317.9,129,($0.10),($2.90),($3.10),($1.70),($2.00),$0.00 ,($9.80),$11.00 ,$2.10 
Hernan Perez,Brewers,3B/OF,5751,373.2,176,($0.40),($2.80),($2.90),($0.30),($2.40),($1.10),($9.90),$11.00 ,$2.10 
Lane Adams,Braves,OF,10767,591.8,202,($1.70),($2.70),($2.70),$1.00 ,($2.20),($1.60),($9.90),$11.00 ,$2.00 
Brandon Nimmo,Mets,OF,12927,525.2,307,($1.90),($2.20),($1.60),($1.10),($1.90),($1.20),($10.00),$11.00 ,$2.00 
Wilmer Difo,Nationals,2B/SS,14320,443.6,237,($0.40),($2.60),($2.50),($0.20),($2.60),($1.60),($9.90),$10.80 ,$1.90 
Garrett Cooper,Marlins,1B,15279,649.8,182,$0.10 ,($2.80),($2.90),($1.70),($2.30),($0.40),($10.10),$11.00 ,$1.90 
Tommy Joseph,Phillies,1B,10349,547.5,140,($0.60),($2.80),($3.00),($1.80),($1.70),($0.20),($10.10),$11.00 ,$1.90 
Phillip Ervin,Reds,OF,14738,644.6,190,($1.60),($2.90),($2.70),$0.50 ,($2.20),($1.20),($10.10),$11.00 ,$1.80 
Cameron Rupp,Phillies,C,11146,494.5,231,($2.50),($2.20),($2.40),($1.70),($1.40),($1.50),($11.70),$12.20 ,$1.50 
Tom Murphy,Rockies,C,13499,443.5,130,($0.90),($3.10),($3.20),($1.70),($2.20),($0.60),($11.80),$12.20 ,$1.40 
Magneuris Sierra,Marlins,OF,17023,542.4,280,($0.90),($2.50),($2.50),$0.80 ,($2.80),($2.70),($10.60),$11.00 ,$1.30 
Carlos Asuaje,Padres,2B,15197,602.3,337,($1.20),($2.20),($1.50),($1.30),($2.30),($2.00),($10.40),$10.80 ,$1.30 
Brian Goodwin,Nationals,OF,12858,569.2,170,($0.90),($3.10),($2.70),($1.00),($2.30),($0.80),($10.70),$11.00 ,$1.30 
Jorge Alfaro,Phillies,C,12180,246.7,252,($2.10),($2.10),($2.40),($1.60),($1.50),($2.10),($11.90),$12.20 ,$1.30 
Kevin Plawecki,Mets,C,13807,556,171,($0.80),($3.00),($3.10),($1.80),($2.40),($1.00),($12.10),$12.20 ,$1.10 
Alex Verdugo,Dodgers,OF,17027,541.7,190,($0.30),($2.90),($2.80),($1.30),($2.60),($1.00),($10.80),$11.00 ,$1.10 
Steven Duggar,Giants,OF,sa827165,615.5,209,($0.90),($2.90),($2.70),($0.50),($2.60),($1.20),($10.90),$11.00 ,$1.10 
Elias Diaz,Pirates,C,11680,681.7,150,($0.10),($3.30),($3.30),($1.60),($2.90),($1.00),($12.10),$12.20 ,$1.10 
David Freese,Pirates,3B,9549,627.2,214,($0.60),($2.50),($2.50),($1.80),($2.10),($0.50),($10.10),$10.10 ,$1.00 
Brian Anderson,Marlins,3B,18289,546.2,250,($1.20),($2.10),($2.30),($1.70),($1.70),($1.10),($10.10),$10.10 ,$1.00 
Daniel Descalso,Diamondbacks,2B/OF,8392,644.7,216,($1.40),($2.60),($2.50),($1.40),($2.20),($0.80),($10.80),$10.80 ,$1.00 
J.T. Riddle,Marlins,SS,17642,663.6,327,($0.70),($1.90),($2.10),($1.10),($2.20),($2.70),($10.80),$10.80 ,$1.00 
Juan Lagares,Mets,OF,5384,620.5,210,($0.60),($2.80),($2.80),($0.80),($2.50),($1.40),($11.00),$11.00 ,$1.00 
Jesus Aguilar,Brewers,1B,11342,511.9,162,($1.20),($2.80),($2.90),($1.80),($1.80),($0.60),($11.00),$11.00 ,$1.00 
Carson Kelly,Cardinals,C,13620,531.4,153,($0.70),($3.10),($3.20),($1.70),($2.50),($0.90),($12.20),$12.20 ,$1.00 
Preston Tucker,Braves,OF,13633,663.8,184,($1.30),($2.60),($2.70),($1.60),($1.80),($0.80),($11.00),$11.00 ,$1.00 
Miguel Montero,Nationals,C,3364,679,141,($1.20),($3.20),($3.20),($1.70),($2.40),($0.70),($12.40),$12.20 ,$0.80 
Sean Rodriguez,Pirates,OF,6589,617.7,250,($2.50),($2.10),($2.20),($1.30),($1.40),($1.60),($11.20),$11.00 ,$0.80 
A.J. Ellis,Padres,C,5677,999,130,($1.00),($3.40),($3.40),($1.70),($2.50),($0.60),($12.50),$12.20 ,$0.70 
Victor Robles,Nationals,OF,18363,305.2,95,$0.10 ,($3.70),($3.60),($0.90),($3.00),($0.30),($11.30),$11.00 ,$0.70 
Miguel Rojas,Marlins,SS,7802,699.2,236,$0.00 ,($2.80),($2.70),($1.40),($2.90),($1.40),($11.10),$10.80 ,$0.60 
Greg Garcia,Cardinals,2B/3B,10951,711.5,222,($0.70),($2.80),($2.60),($1.20),($2.80),($0.90),($11.20),$10.80 ,$0.60 
Chase Utley,Dodgers,2B,1679,999,218,($1.20),($2.60),($2.60),($1.40),($2.30),($1.10),($11.20),$10.80 ,$0.60 
Eric Sogard,Brewers,2B/SS,7927,616.9,156,($0.10),($3.40),($3.00),($1.20),($2.90),($0.50),($11.20),$10.80 ,$0.50 
Keon Broxton,Brewers,OF,9253,317.4,154,($2.00),($3.20),($3.10),$0.00 ,($2.30),($1.10),($11.50),$11.00 ,$0.40 
Nick Hundley,Giants,C,3376,511.9,103,($0.60),($3.50),($3.60),($1.80),($2.70),($0.70),($12.90),$12.20 ,$0.30 
Jose Osuna,Pirates,1B/OF,12937,648.5,98,($0.10),($3.60),($3.60),($1.60),($2.70),($0.30),($11.90),$11.00 ,$0.10 
Andrew Knapp,Phillies,C,14942,647.7,110,($0.80),($3.60),($3.60),($1.80),($2.80),($0.60),($13.20),$12.20 ,$0.00 
Scott Kingery,Phillies,2B,sa857705,329.6,99,($0.20),($3.60),($3.60),($1.10),($2.70),($0.50),($11.80),$10.80 ,$0.00 
Tony Wolters,Rockies,C,11470,596.8,128,($0.60),($3.60),($3.40),($1.60),($3.00),($0.90),($13.20),$12.20 ,$0.00 
Harrison Bader,Cardinals,OF,18030,556.2,101,($0.50),($3.60),($3.60),($1.30),($2.60),($0.60),($12.10),$11.00 ,($0.10)
Tommy La Stella,Cubs,2B,12371,674.7,117,($0.10),($3.60),($3.40),($1.70),($3.00),($0.30),($12.00),$10.80 ,($0.30)
Kelby Tomlinson,Giants,2B/3B,13005,684,131,($0.20),($3.70),($3.40),($0.70),($3.20),($0.90),($12.10),$10.80 ,($0.30)
Franchy Cordero,Padres,OF,14567,543.3,114,($0.70),($3.60),($3.50),($1.20),($2.70),($0.80),($12.50),$11.00 ,($0.50)
Chris Herrmann,Diamondbacks,C/OF,9284,511.8,47,($0.40),($4.20),($4.00),($1.70),($3.10),($0.30),($13.70),$12.20 ,($0.50)
Dilson Herrera,Reds,2B,14335,695.6,101,($0.40),($3.60),($3.60),($1.50),($2.70),($0.50),($12.30),$10.80 ,($0.60)
Chris Gimenez,Cubs,C,7324,999,117,($1.50),($3.60),($3.50),($1.70),($2.70),($1.00),($13.80),$12.20 ,($0.60)
Alex Dickerson,Padres,OF,12649,619.3,73,($0.10),($3.90),($3.80),($1.80),($2.90),($0.20),($12.60),$11.00 ,($0.60)
Victor Caratini,Cubs,C/1B/OF,14968,526.6,24,$0.00 ,($4.40),($4.20),($1.90),($3.30),($0.10),($13.90),$12.20 ,($0.70)
Jett Bandy,Brewers,C,12508,679.2,48,($0.40),($4.10),($4.10),($1.90),($3.00),($0.30),($13.90),$12.20 ,($0.70)
Nick Senzel,Reds,3B,sa873264,367,79,$0.10 ,($3.80),($3.70),($1.50),($2.90),($0.10),($11.90),$10.10 ,($0.70)
Adonis Garcia,Braves,3B,13777,660.7,96,$0.10 ,($3.60),($3.60),($1.70),($2.80),($0.40),($11.90),$10.10 ,($0.80)
Rio Ruiz,Braves,3B,14103,657.9,161,($1.20),($3.00),($3.10),($1.60),($2.30),($0.80),($11.90),$10.10 ,($0.80)
Kyle Farmer,Dodgers,C/1B/3B,14813,999,43,($0.20),($4.20),($4.10),($1.80),($3.20),($0.40),($14.00),$12.20 ,($0.80)
Pedro Severino,Nationals,C/DH,14523,651.5,30,($0.10),($4.30),($4.20),($1.90),($3.20),($0.20),($14.10),$12.20 ,($0.90)
Gorkys Hernandez,Giants,OF,4146,732,93,($0.30),($3.90),($3.70),($1.20),($3.20),($0.60),($12.80),$11.00 ,($0.90)
Jacob Stallings,Pirates,C,13723,999,60,($0.40),($4.10),($4.00),($1.80),($3.20),($0.60),($14.10),$12.20 ,($0.90)
Raudy Read,Nationals,C,15766,999,18,($0.10),($4.40),($4.30),($1.90),($3.30),($0.10),($14.10),$12.20 ,($1.00)
Jarrett Parker,Giants,OF,11624,684.1,114,($1.10),($3.50),($3.50),($1.60),($2.60),($0.70),($12.90),$11.00 ,($1.00)
Luis Torrens,Padres,C,15905,700.7,29,($0.20),($4.40),($4.20),($1.90),($3.30),($0.20),($14.20),$12.20 ,($1.00)
Jeff Mathis,Diamondbacks,C,3448,696.6,206,($2.40),($2.80),($2.90),($1.60),($2.40),($2.20),($14.20),$12.20 ,($1.00)
Jordan Patterson,Rockies,OF,15119,999,53,($0.10),($4.00),($4.00),($1.80),($3.00),($0.10),($13.00),$11.00 ,($1.00)
Allen Cordoba,Padres,SS/OF,15722,691.5,106,($0.50),($3.70),($3.60),($1.30),($2.90),($0.70),($12.80),$10.80 ,($1.00)
Roman Quinn,Phillies,OF,13546,644.3,77,($0.60),($4.00),($3.80),($1.00),($3.10),($0.60),($13.00),$11.00 ,($1.10)
Braxton Lee,Marlins,OF,sa829053,648.9,153,($0.70),($3.60),($3.40),($0.70),($3.10),($1.50),($13.00),$11.00 ,($1.10)
Chris Stewart,Braves,C,3878,999,29,($0.20),($4.40),($4.30),($1.90),($3.30),($0.20),($14.30),$12.20 ,($1.10)
Mac Williamson,Giants,OF,14158,999,142,($1.40),($3.20),($3.30),($1.60),($2.40),($1.20),($13.10),$11.00 ,($1.10)
Tomas Nido,Mets,C,13755,999,31,($0.30),($4.40),($4.20),($1.90),($3.20),($0.30),($14.30),$12.20 ,($1.10)
Raffy Lopez,Padres,C,12606,741,30,($0.30),($4.40),($4.20),($1.90),($3.20),($0.30),($14.30),$12.20 ,($1.10)
John Ryan Murphy,Diamondbacks,C,10346,999,12,($0.10),($4.50),($4.40),($1.90),($3.30),($0.10),($14.30),$12.20 ,($1.10)
Taylor Davis,Cubs,C/1B/3B,12782,999,6,$0.00 ,($4.60),($4.40),($1.90),($3.40),$0.00 ,($14.40),$12.20 ,($1.20)
Stuart Turner,Reds,C,15207,693,30,($0.30),($4.40),($4.20),($1.90),($3.20),($0.30),($14.40),$12.20 ,($1.20)
Jacob Nottingham,Brewers,C,sa737809,712,12,($0.10),($4.50),($4.40),($1.90),($3.30),($0.10),($14.40),$12.20 ,($1.20)
Chad Wallach,Marlins,C/1B,17161,729,61,($0.80),($4.10),($4.00),($1.80),($3.10),($0.60),($14.40),$12.20 ,($1.20)
Matt Szczur,Padres,OF,11255,999,114,($0.80),($3.70),($3.60),($1.40),($2.90),($0.80),($13.20),$11.00 ,($1.20)
Rafael Ortega,Marlins,OF,10323,999,72,($0.20),($4.10),($3.90),($1.30),($3.20),($0.50),($13.30),$11.00 ,($1.30)
Trevor Brown,Giants,C,13895,999,12,($0.20),($4.50),($4.40),($1.90),($3.40),($0.20),($14.60),$12.20 ,($1.40)
Austin Meadows,Pirates,OF,sa737440,501.6,46,($0.10),($4.20),($4.10),($1.60),($3.20),($0.20),($13.40),$11.00 ,($1.40)
Nick Ahmed,Diamondbacks,SS,12147,685.7,108,($0.80),($3.70),($3.60),($1.40),($2.90),($0.90),($13.20),$10.80 ,($1.40)
Jordan Luplow,Pirates,OF,16424,664.4,40,($0.10),($4.20),($4.10),($1.80),($3.10),($0.10),($13.40),$11.00 ,($1.50)
Travis Jankowski,Padres,OF,13768,662.7,75,($0.50),($4.10),($3.90),($1.00),($3.30),($0.60),($13.40),$11.00 ,($1.50)
Matt Kemp,Dodgers,OF,5631,312.3,29,$0.00 ,($4.20),($4.20),($1.90),($3.10),$0.00 ,($13.40),$11.00 ,($1.50)
Ryder Jones,Giants,1B,15982,999,83,($0.60),($3.80),($3.80),($1.70),($2.90),($0.60),($13.50),$11.00 ,($1.50)
Socrates Brito,Diamondbacks,OF,12944,698.6,65,($0.30),($4.00),($3.90),($1.60),($3.10),($0.50),($13.50),$11.00 ,($1.60)
Noel Cuevas,Rockies,OF,sa549566,999,33,$0.10 ,($4.30),($4.20),($1.80),($3.20),($0.10),($13.50),$11.00 ,($1.60)
Andrew Stevenson,Nationals,OF,17932,999,59,($0.20),($4.20),($4.00),($1.50),($3.30),($0.50),($13.50),$11.00 ,($1.60)
Jeremy Hazelbaker,Diamondbacks,OF,9399,634.4,40,($0.30),($4.20),($4.10),($1.70),($3.10),($0.20),($13.60),$11.00 ,($1.60)
Dylan Cozens,Phillies,OF,sa657955,695.3,65,($1.00),($3.90),($3.90),($1.70),($2.70),($0.50),($13.60),$11.00 ,($1.70)
Brandon Dixon,Reds,2B,sa737637,999,75,($0.80),($3.90),($3.80),($1.40),($2.90),($0.70),($13.50),$10.80 ,($1.70)
Luis Urias,Padres,2B,sa828496,623,66,($0.10),($4.10),($4.00),($1.70),($3.30),($0.40),($13.50),$10.80 ,($1.80)
Jose Siri,Reds,OF,sa736940,999,40,($0.40),($4.30),($4.20),($1.50),($3.10),($0.40),($13.80),$11.00 ,($1.80)
Tim Locastro,Dodgers,OF,15124,633.1,40,($0.20),($4.30),($4.10),($1.60),($3.30),($0.30),($13.80),$11.00 ,($1.90)
Max Moroff,Pirates,2B,14556,693.9,68,($0.70),($4.10),($3.90),($1.60),($3.00),($0.40),($13.60),$10.80 ,($1.90)
T.J. Rivera,Mets,1B/3B,12495,636,73,$0.10 ,($4.00),($3.90),($1.80),($3.10),($0.40),($13.00),$10.10 ,($1.90)
Tomas Telis,Marlins,1B,10067,654.9,36,$0.00 ,($4.30),($4.20),($1.90),($3.30),($0.20),($13.90),$11.00 ,($1.90)
Bryce Brentz,Pirates,OF,10607,709.8,32,($0.20),($4.30),($4.20),($1.90),($3.10),($0.20),($13.90),$11.00 ,($1.90)
Peter Bourjos,Cubs,OF,2578,999,33,($0.20),($4.30),($4.20),($1.70),($3.20),($0.20),($13.90),$11.00 ,($1.90)
Andres Blanco,Giants,P/1B/2B/3B/SS/DH,1907,999,45,($0.20),($4.20),($4.10),($1.80),($3.20),($0.30),($13.70),$10.80 ,($2.00)
Gregor Blanco,Giants,OF,3123,687.8,27,($0.10),($4.40),($4.20),($1.70),($3.30),($0.10),($13.90),$11.00 ,($2.00)
Tyler O'Neill,Cardinals,OF,sa737633,641.9,20,($0.20),($4.40),($4.30),($1.90),($3.20),($0.10),($14.00),$11.00 ,($2.00)
Austin Slater,Giants,OF,16153,665.8,19,$0.00 ,($4.40),($4.30),($1.90),($3.30),($0.10),($14.00),$11.00 ,($2.00)
Rafael Bautista,Nationals,OF,15769,999,19,$0.00 ,($4.50),($4.30),($1.70),($3.30),($0.10),($14.00),$11.00 ,($2.00)
Brett Phillips,Brewers,OF,14735,499.2,25,($0.20),($4.40),($4.20),($1.80),($3.20),($0.20),($14.00),$11.00 ,($2.10)
Charlie Culberson,Braves,2B/3B/SS,3298,685.4,224,($1.90),($2.80),($2.80),($1.10),($2.60),($2.60),($13.90),$10.80 ,($2.10)
Mark Zagunis,Cubs,OF,16565,999,19,($0.20),($4.40),($4.30),($1.90),($3.30),($0.10),($14.10),$11.00 ,($2.20)
Trayce Thompson,Dodgers,OF,9952,726,27,($0.30),($4.30),($4.20),($1.80),($3.20),($0.20),($14.10),$11.00 ,($2.20)
Breyvic Valera,Cardinals,2B,12758,999,26,$0.00 ,($4.40),($4.30),($1.80),($3.30),($0.20),($14.00),$10.80 ,($2.20)
Alex Blandino,Reds,2B/SS,sa602521,999,26,($0.20),($4.40),($4.20),($1.80),($3.20),($0.10),($14.00),$10.80 ,($2.30)
Mauricio Dubon,Brewers,2B/SS,sa738378,662.5,20,($0.10),($4.50),($4.30),($1.70),($3.30),($0.20),($14.00),$10.80 ,($2.30)
Eliezer Alvarez,Phillies,2B,sa657261,999,40,($0.30),($4.30),($4.20),($1.60),($3.20),($0.40),($14.00),$10.80 ,($2.30)
Cliff Pennington,Reds,2B,3395,999,133,($1.40),($3.60),($3.50),($1.40),($2.90),($1.30),($14.00),$10.80 ,($2.30)
Adrian Sanchez,Nationals,2B/3B/SS,11338,999,32,($0.10),($4.40),($4.20),($1.80),($3.30),($0.30),($14.10),$10.80 ,($2.30)
Christian Walker,Diamondbacks,1B/DH,13419,648.8,6,$0.00 ,($4.50),($4.40),($1.90),($3.30),$0.00 ,($14.30),$11.00 ,($2.30)
Gavin Cecchini,Mets,2B,17005,999,39,($0.20),($4.30),($4.20),($1.80),($3.30),($0.30),($14.10),$10.80 ,($2.30)
Jose Marmolejos,Nationals,1B,sa598311,999,7,$0.00 ,($4.60),($4.40),($1.90),($3.40),$0.00 ,($14.30),$11.00 ,($2.30)
Patrick Kivlehan,Reds,OF,13910,678.8,13,($0.10),($4.50),($4.40),($1.90),($3.30),($0.10),($14.30),$11.00 ,($2.40)
Daniel Nava,Pirates,OF,5450,661.7,6,$0.00 ,($4.60),($4.40),($1.90),($3.40),$0.00 ,($14.30),$11.00 ,($2.40)
Jesmuel Valentin,Phillies,2B,sa657867,999,46,($0.40),($4.20),($4.10),($1.80),($3.20),($0.40),($14.10),$10.80 ,($2.40)
Shed Long,Reds,2B,sa738578,999,13,($0.10),($4.50),($4.40),($1.90),($3.30),($0.10),($14.20),$10.80 ,($2.40)
Aristides Aquino,Reds,OF,sa597058,999,7,($0.10),($4.60),($4.40),($1.90),($3.30),($0.10),($14.40),$11.00 ,($2.40)
Adam Rosales,Phillies,SS,9682,999,76,($1.10),($3.90),($3.80),($1.70),($2.80),($0.80),($14.20),$10.80 ,($2.40)
Ildemaro Vargas,Diamondbacks,2B/3B,13324,999,13,$0.00 ,($4.50),($4.40),($1.90),($3.40),($0.10),($14.20),$10.80 ,($2.40)
Chris Bostick,Pirates,2B/OF,13718,680,13,$0.00 ,($4.50),($4.40),($1.90),($3.40),($0.10),($14.20),$10.80 ,($2.50)
Oscar Mercado,Cardinals,SS,sa737612,999,13,($0.10),($4.50),($4.40),($1.80),($3.30),($0.10),($14.30),$10.80 ,($2.50)
Kevin Newman,Pirates,SS,sa827183,999,13,$0.00 ,($4.50),($4.40),($1.90),($3.40),($0.10),($14.30),$10.80 ,($2.50)
Miguel Gomez,Giants,2B,17075,999,6,$0.00 ,($4.60),($4.40),($1.90),($3.40),$0.00 ,($14.30),$10.80 ,($2.50)
Rob Segedin,Dodgers,1B/3B/OF,11446,999,59,($0.50),($4.00),($4.00),($1.80),($3.00),($0.40),($13.70),$10.10 ,($2.60)
Pablo Sandoval,Giants,3B,5409,680.2,40,($0.20),($4.20),($4.10),($1.90),($3.10),($0.20),($13.70),$10.10 ,($2.60)
Yairo Munoz,Cardinals,SS,sa657210,999,7,$0.00 ,($4.60),($4.40),($1.90),($3.40),($0.10),($14.30),$10.80 ,($2.60)
David Bote,Cubs,1B/2B,sa658323,737,7,$0.00 ,($4.60),($4.40),($1.90),($3.40),$0.00 ,($14.40),$10.80 ,($2.60)
Edmundo Sosa,Cardinals,SS,sa736859,999,13,($0.10),($4.50),($4.40),($1.90),($3.40),($0.10),($14.40),$10.80 ,($2.60)
Jack Reinheimer,Diamondbacks,SS,14938,999,7,$0.00 ,($4.60),($4.40),($1.90),($3.40),($0.10),($14.40),$10.80 ,($2.60)
Luis Guillorme,Mets,2B/SS,sa737882,999,20,($0.10),($4.50),($4.30),($1.90),($3.40),($0.20),($14.50),$10.80 ,($2.70)
Christian Villanueva,Padres,3B,11738,682,33,($0.30),($4.30),($4.20),($1.90),($3.10),($0.20),($13.90),$10.10 ,($2.80)
Austin Nola,Marlins,2B/SS,sa577789,999,44,($0.50),($4.30),($4.20),($1.90),($3.30),($0.50),($14.70),$10.80 ,($2.90)
Javier Guerra,Padres,SS,sa736916,999,33,($0.60),($4.40),($4.30),($1.90),($3.30),($0.60),($14.90),$10.80 ,($3.20)
David Wright,Mets,3B,3787,999,15,($0.20),($4.50),($4.30),($1.90),($3.30),($0.10),($14.30),$10.10 ,($3.20)
Matt Reynolds,Nationals,3B,13788,999,13,($0.10),($4.50),($4.40),($1.90),($3.40),($0.10),($14.30),$10.10 ,($3.20)
,,,,,,,,,,,,,,
